time delay,message
1,[T0001_1_A.xml|T0002_1_A.xml|T0003_1_A.xml|T0004_1_A.xml|T0005_1_A.xml|T0006_1_A.xml|T0007_1_A.xml|T0008_1_A.xml|T0009_1_A.xml|T0010_1_A.xml|T0011_1_A.xml|T0012_1_A.xml|T0013_1_A.xml|T0014_1_A.xml|T0015_1_A.xml|T0016_1_A.xml|T0017_1_A.xml|T0018_1_A.xml|T0019_1_A.xml|T0020_1_A.xml|T0021_1_A.xml|T0022_1_A.xml|T0023_1_A.xml|T0024_1_A.xml|T0025_1_A.xml|T0026_1_A.xml|T0027_1_A.xml|T0028_1_A.xml|T0029_1_A.xml|T0030_1_A.xml|T0031_1_A.xml|T0032_1_A.xml|T0033_1_A.xml|T0034_1_A.xml|T0035_1_A.xml|T0036_1_A.xml|T0037_1_A.xml|T0038_1_A.xml|T0039_1_A.xml|T0040_1_A.xml|T0041_1_A.xml|T0042_1_A.xml|T0043_1_A.xml|T0044_1_A.xml|T0045_1_A.xml|T0046_1_A.xml|T0047_1_A.xml]
62,[T0001_1_D.xml|T0002_1_D.xml|T0003_1_D.xml|T0004_1_D.xml|T0005_1_D.xml|T0006_1_D.xml|T0007_1_D.xml|T0008_1_D.xml|T0009_1_D.xml|T0010_1_D.xml|T0011_1_D.xml|T0012_1_D.xml|T0013_1_D.xml|T0014_1_D.xml|T0015_1_D.xml|T0016_1_D.xml|T0017_1_D.xml|T0018_1_D.xml|T0019_1_D.xml|T0020_1_D.xml|T0021_1_D.xml|T0022_1_D.xml|T0023_1_D.xml|T0024_1_D.xml|T0025_1_D.xml|T0026_1_D.xml|T0027_1_D.xml|T0028_1_D.xml|T0029_1_D.xml|T0030_1_D.xml|T0031_1_D.xml|T0032_1_D.xml|T0033_1_D.xml|T0034_1_D.xml|T0035_1_D.xml|T0036_1_D.xml|T0037_1_D.xml|T0038_1_D.xml|T0039_1_D.xml|T0040_1_D.xml|T0041_1_D.xml|T0042_1_D.xml|T0043_1_D.xml|T0044_1_D.xml|T0045_1_D.xml|T0046_1_D.xml|T0047_1_D.xml]
1,[T0001_2_A.xml|T0002_2_A.xml|T0003_2_A.xml|T0004_2_A.xml|T0005_2_A.xml|T0006_2_A.xml|T0007_2_A.xml|T0008_2_A.xml|T0009_2_A.xml|T0010_2_A.xml|T0011_2_A.xml|T0012_2_A.xml|T0013_2_A.xml|T0014_2_A.xml|T0015_2_A.xml|T0016_2_A.xml|T0017_2_A.xml|T0018_2_A.xml|T0019_2_A.xml|T0020_2_A.xml|T0021_2_A.xml|T0022_2_A.xml|T0023_2_A.xml|T0024_2_A.xml|T0025_2_A.xml|T0026_2_A.xml|T0027_2_A.xml|T0028_2_A.xml|T0029_2_A.xml|T0030_2_A.xml|T0031_2_A.xml|T0032_2_A.xml|T0033_2_A.xml|T0034_2_A.xml|T0035_2_A.xml|T0036_2_A.xml|T0037_2_A.xml|T0038_2_A.xml|T0039_2_A.xml|T0040_2_A.xml|T0041_2_A.xml|T0042_2_A.xml|T0043_2_A.xml|T0044_2_A.xml|T0045_2_A.xml|T0046_2_A.xml|T0047_2_A.xml]
62,[T0001_2_D.xml|T0002_2_D.xml|T0003_2_D.xml|T0004_2_D.xml|T0005_2_D.xml|T0006_2_D.xml|T0007_2_D.xml|T0008_2_D.xml|T0009_2_D.xml|T0010_2_D.xml|T0011_2_D.xml|T0012_2_D.xml|T0013_2_D.xml|T0014_2_D.xml|T0015_2_D.xml|T0016_2_D.xml|T0017_2_D.xml|T0018_2_D.xml|T0019_2_D.xml|T0020_2_D.xml|T0021_2_D.xml|T0022_2_D.xml|T0023_2_D.xml|T0024_2_D.xml|T0025_2_D.xml|T0026_2_D.xml|T0027_2_D.xml|T0028_2_D.xml|T0029_2_D.xml|T0030_2_D.xml|T0031_2_D.xml|T0032_2_D.xml|T0033_2_D.xml|T0034_2_D.xml|T0035_2_D.xml|T0036_2_D.xml|T0037_2_D.xml|T0038_2_D.xml|T0039_2_D.xml|T0040_2_D.xml|T0041_2_D.xml|T0042_2_D.xml|T0043_2_D.xml|T0044_2_D.xml|T0045_2_D.xml|T0046_2_D.xml|T0047_2_D.xml]
1,[T0001_3_A.xml|T0002_3_A.xml|T0003_3_A.xml|T0004_3_A.xml|T0005_3_A.xml|T0006_3_A.xml|T0007_3_A.xml|T0008_3_A.xml|T0009_3_A.xml|T0010_3_A.xml|T0011_3_A.xml|T0012_3_A.xml|T0013_3_A.xml|T0014_3_A.xml|T0015_3_A.xml|T0016_3_A.xml|T0017_3_A.xml|T0018_3_A.xml|T0019_3_A.xml|T0020_3_A.xml|T0021_3_A.xml|T0022_3_A.xml|T0023_3_A.xml|T0024_3_A.xml|T0025_3_A.xml|T0026_3_A.xml|T0027_3_A.xml|T0028_3_A.xml|T0029_3_A.xml|T0030_3_A.xml|T0031_3_A.xml|T0032_3_A.xml|T0033_3_A.xml|T0034_3_A.xml|T0035_3_A.xml|T0036_3_A.xml|T0037_3_A.xml|T0038_3_A.xml|T0039_3_A.xml|T0040_3_A.xml|T0041_3_A.xml|T0042_3_A.xml|T0043_3_A.xml|T0044_3_A.xml|T0045_3_A.xml|T0046_3_A.xml|T0047_3_A.xml]
62,[T0001_3_D.xml|T0002_3_D.xml|T0003_3_D.xml|T0004_3_D.xml|T0005_3_D.xml|T0006_3_D.xml|T0007_3_D.xml|T0008_3_D.xml|T0009_3_D.xml|T0010_3_D.xml|T0011_3_D.xml|T0012_3_D.xml|T0013_3_D.xml|T0014_3_D.xml|T0015_3_D.xml|T0016_3_D.xml|T0017_3_D.xml|T0018_3_D.xml|T0019_3_D.xml|T0020_3_D.xml|T0021_3_D.xml|T0022_3_D.xml|T0023_3_D.xml|T0024_3_D.xml|T0025_3_D.xml|T0026_3_D.xml|T0027_3_D.xml|T0028_3_D.xml|T0029_3_D.xml|T0030_3_D.xml|T0031_3_D.xml|T0032_3_D.xml|T0033_3_D.xml|T0034_3_D.xml|T0035_3_D.xml|T0036_3_D.xml|T0037_3_D.xml|T0038_3_D.xml|T0039_3_D.xml|T0040_3_D.xml|T0041_3_D.xml|T0042_3_D.xml|T0043_3_D.xml|T0044_3_D.xml|T0045_3_D.xml|T0046_3_D.xml|T0047_3_D.xml]
1,[T0001_4_A.xml|T0002_4_A.xml|T0003_4_A.xml|T0004_4_A.xml|T0005_4_A.xml|T0006_4_A.xml|T0007_4_A.xml|T0008_4_A.xml|T0009_4_A.xml|T0010_4_A.xml|T0011_4_A.xml|T0012_4_A.xml|T0013_4_A.xml|T0014_4_A.xml|T0015_4_A.xml|T0016_4_A.xml|T0017_4_A.xml|T0018_4_A.xml|T0019_4_A.xml|T0020_4_A.xml|T0021_4_A.xml|T0022_4_A.xml|T0023_4_A.xml|T0024_4_A.xml|T0025_4_A.xml|T0026_4_A.xml|T0027_4_A.xml|T0028_4_A.xml|T0029_4_A.xml|T0030_4_A.xml|T0031_4_A.xml|T0032_4_A.xml|T0033_4_A.xml|T0034_4_A.xml|T0035_4_A.xml|T0036_4_A.xml|T0037_4_A.xml|T0038_4_A.xml|T0039_4_A.xml|T0040_4_A.xml|T0041_4_A.xml|T0042_4_A.xml|T0043_4_A.xml|T0044_4_A.xml|T0045_4_A.xml|T0046_4_A.xml|T0047_4_A.xml]
62,[T0001_4_D.xml|T0002_4_D.xml|T0003_4_D.xml|T0004_4_D.xml|T0005_4_D.xml|T0006_4_D.xml|T0007_4_D.xml|T0008_4_D.xml|T0009_4_D.xml|T0010_4_D.xml|T0011_4_D.xml|T0012_4_D.xml|T0013_4_D.xml|T0014_4_D.xml|T0015_4_D.xml|T0016_4_D.xml|T0017_4_D.xml|T0018_4_D.xml|T0019_4_D.xml|T0020_4_D.xml|T0021_4_D.xml|T0022_4_D.xml|T0023_4_D.xml|T0024_4_D.xml|T0025_4_D.xml|T0026_4_D.xml|T0027_4_D.xml|T0028_4_D.xml|T0029_4_D.xml|T0030_4_D.xml|T0031_4_D.xml|T0032_4_D.xml|T0033_4_D.xml|T0034_4_D.xml|T0035_4_D.xml|T0036_4_D.xml|T0037_4_D.xml|T0038_4_D.xml|T0039_4_D.xml|T0040_4_D.xml|T0041_4_D.xml|T0042_4_D.xml|T0043_4_D.xml|T0044_4_D.xml|T0045_4_D.xml|T0046_4_D.xml|T0047_4_D.xml]
1,[T0001_5_A.xml|T0002_5_A.xml|T0003_5_A.xml|T0004_5_A.xml|T0005_5_A.xml|T0006_5_A.xml|T0007_5_A.xml|T0008_5_A.xml|T0009_5_A.xml|T0010_5_A.xml|T0011_5_A.xml|T0012_5_A.xml|T0013_5_A.xml|T0014_5_A.xml|T0015_5_A.xml|T0016_5_A.xml|T0017_5_A.xml|T0018_5_A.xml|T0019_5_A.xml|T0020_5_A.xml|T0021_5_A.xml|T0022_5_A.xml|T0023_5_A.xml|T0024_5_A.xml|T0025_5_A.xml|T0026_5_A.xml|T0027_5_A.xml|T0028_5_A.xml|T0029_5_A.xml|T0030_5_A.xml|T0031_5_A.xml|T0032_5_A.xml|T0033_5_A.xml|T0034_5_A.xml|T0035_5_A.xml|T0036_5_A.xml|T0037_5_A.xml|T0038_5_A.xml|T0039_5_A.xml|T0040_5_A.xml|T0041_5_A.xml|T0042_5_A.xml|T0043_5_A.xml|T0044_5_A.xml|T0045_5_A.xml|T0046_5_A.xml|T0047_5_A.xml]
62,[T0001_5_D.xml|T0002_5_D.xml|T0003_5_D.xml|T0004_5_D.xml|T0005_5_D.xml|T0006_5_D.xml|T0007_5_D.xml|T0008_5_D.xml|T0009_5_D.xml|T0010_5_D.xml|T0011_5_D.xml|T0012_5_D.xml|T0013_5_D.xml|T0014_5_D.xml|T0015_5_D.xml|T0016_5_D.xml|T0017_5_D.xml|T0018_5_D.xml|T0019_5_D.xml|T0020_5_D.xml|T0021_5_D.xml|T0022_5_D.xml|T0023_5_D.xml|T0024_5_D.xml|T0025_5_D.xml|T0026_5_D.xml|T0027_5_D.xml|T0028_5_D.xml|T0029_5_D.xml|T0030_5_D.xml|T0031_5_D.xml|T0032_5_D.xml|T0033_5_D.xml|T0034_5_D.xml|T0035_5_D.xml|T0036_5_D.xml|T0037_5_D.xml|T0038_5_D.xml|T0039_5_D.xml|T0040_5_D.xml|T0041_5_D.xml|T0042_5_D.xml|T0043_5_D.xml|T0044_5_D.xml|T0045_5_D.xml|T0046_5_D.xml|T0047_5_D.xml]
1,[T0001_6_A.xml|T0002_6_A.xml|T0003_6_A.xml|T0004_6_A.xml|T0005_6_A.xml|T0006_6_A.xml|T0007_6_A.xml|T0008_6_A.xml|T0009_6_A.xml|T0010_6_A.xml|T0011_6_A.xml|T0012_6_A.xml|T0013_6_A.xml|T0014_6_A.xml|T0015_6_A.xml|T0016_6_A.xml|T0017_6_A.xml|T0018_6_A.xml|T0019_6_A.xml|T0020_6_A.xml|T0021_6_A.xml|T0022_6_A.xml|T0023_6_A.xml|T0024_6_A.xml|T0025_6_A.xml|T0026_6_A.xml|T0027_6_A.xml|T0028_6_A.xml|T0029_6_A.xml|T0030_6_A.xml|T0031_6_A.xml|T0032_6_A.xml|T0033_6_A.xml|T0034_6_A.xml|T0035_6_A.xml|T0036_6_A.xml|T0037_6_A.xml|T0038_6_A.xml|T0039_6_A.xml|T0040_6_A.xml|T0041_6_A.xml|T0042_6_A.xml|T0043_6_A.xml|T0044_6_A.xml|T0045_6_A.xml|T0046_6_A.xml|T0047_6_A.xml]
62,[T0001_6_D.xml|T0002_6_D.xml|T0003_6_D.xml|T0004_6_D.xml|T0005_6_D.xml|T0006_6_D.xml|T0007_6_D.xml|T0008_6_D.xml|T0009_6_D.xml|T0010_6_D.xml|T0011_6_D.xml|T0012_6_D.xml|T0013_6_D.xml|T0014_6_D.xml|T0015_6_D.xml|T0016_6_D.xml|T0017_6_D.xml|T0018_6_D.xml|T0019_6_D.xml|T0020_6_D.xml|T0021_6_D.xml|T0022_6_D.xml|T0023_6_D.xml|T0024_6_D.xml|T0025_6_D.xml|T0026_6_D.xml|T0027_6_D.xml|T0028_6_D.xml|T0029_6_D.xml|T0030_6_D.xml|T0031_6_D.xml|T0032_6_D.xml|T0033_6_D.xml|T0034_6_D.xml|T0035_6_D.xml|T0036_6_D.xml|T0037_6_D.xml|T0038_6_D.xml|T0039_6_D.xml|T0040_6_D.xml|T0041_6_D.xml|T0042_6_D.xml|T0043_6_D.xml|T0044_6_D.xml|T0045_6_D.xml|T0046_6_D.xml|T0047_6_D.xml]
1,[T0001_7_A.xml|T0002_7_A.xml|T0003_7_A.xml|T0004_7_A.xml|T0005_7_A.xml|T0006_7_A.xml|T0007_7_A.xml|T0008_7_A.xml|T0009_7_A.xml|T0010_7_A.xml|T0011_7_A.xml|T0012_7_A.xml|T0013_7_A.xml|T0014_7_A.xml|T0015_7_A.xml|T0016_7_A.xml|T0017_7_A.xml|T0018_7_A.xml|T0019_7_A.xml|T0020_7_A.xml|T0021_7_A.xml|T0022_7_A.xml|T0023_7_A.xml|T0024_7_A.xml|T0025_7_A.xml|T0026_7_A.xml|T0027_7_A.xml|T0028_7_A.xml|T0029_7_A.xml|T0030_7_A.xml|T0031_7_A.xml|T0032_7_A.xml|T0033_7_A.xml|T0034_7_A.xml|T0035_7_A.xml|T0036_7_A.xml|T0037_7_A.xml|T0038_7_A.xml|T0039_7_A.xml|T0040_7_A.xml|T0041_7_A.xml|T0042_7_A.xml|T0043_7_A.xml|T0044_7_A.xml|T0045_7_A.xml|T0046_7_A.xml|T0047_7_A.xml]
62,[T0001_7_D.xml|T0002_7_D.xml|T0003_7_D.xml|T0004_7_D.xml|T0005_7_D.xml|T0006_7_D.xml|T0007_7_D.xml|T0008_7_D.xml|T0009_7_D.xml|T0010_7_D.xml|T0011_7_D.xml|T0012_7_D.xml|T0013_7_D.xml|T0014_7_D.xml|T0015_7_D.xml|T0016_7_D.xml|T0017_7_D.xml|T0018_7_D.xml|T0019_7_D.xml|T0020_7_D.xml|T0021_7_D.xml|T0022_7_D.xml|T0023_7_D.xml|T0024_7_D.xml|T0025_7_D.xml|T0026_7_D.xml|T0027_7_D.xml|T0028_7_D.xml|T0029_7_D.xml|T0030_7_D.xml|T0031_7_D.xml|T0032_7_D.xml|T0033_7_D.xml|T0034_7_D.xml|T0035_7_D.xml|T0036_7_D.xml|T0037_7_D.xml|T0038_7_D.xml|T0039_7_D.xml|T0040_7_D.xml|T0041_7_D.xml|T0042_7_D.xml|T0043_7_D.xml|T0044_7_D.xml|T0045_7_D.xml|T0046_7_D.xml|T0047_7_D.xml]
1,[T0001_8_A.xml|T0002_8_A.xml|T0003_8_A.xml|T0004_8_A.xml|T0005_8_A.xml|T0006_8_A.xml|T0007_8_A.xml|T0008_8_A.xml|T0009_8_A.xml|T0010_8_A.xml|T0011_8_A.xml|T0012_8_A.xml|T0013_8_A.xml|T0014_8_A.xml|T0015_8_A.xml|T0016_8_A.xml|T0017_8_A.xml|T0018_8_A.xml|T0019_8_A.xml|T0020_8_A.xml|T0021_8_A.xml|T0022_8_A.xml|T0023_8_A.xml|T0024_8_A.xml|T0025_8_A.xml|T0026_8_A.xml|T0027_8_A.xml|T0028_8_A.xml|T0029_8_A.xml|T0030_8_A.xml|T0031_8_A.xml|T0032_8_A.xml|T0033_8_A.xml|T0034_8_A.xml|T0035_8_A.xml|T0036_8_A.xml|T0037_8_A.xml|T0038_8_A.xml|T0039_8_A.xml|T0040_8_A.xml|T0041_8_A.xml|T0042_8_A.xml|T0043_8_A.xml|T0044_8_A.xml|T0045_8_A.xml|T0046_8_A.xml|T0047_8_A.xml]
62,[T0001_8_D.xml|T0002_8_D.xml|T0003_8_D.xml|T0004_8_D.xml|T0005_8_D.xml|T0006_8_D.xml|T0007_8_D.xml|T0008_8_D.xml|T0009_8_D.xml|T0010_8_D.xml|T0011_8_D.xml|T0012_8_D.xml|T0013_8_D.xml|T0014_8_D.xml|T0015_8_D.xml|T0016_8_D.xml|T0017_8_D.xml|T0018_8_D.xml|T0019_8_D.xml|T0020_8_D.xml|T0021_8_D.xml|T0022_8_D.xml|T0023_8_D.xml|T0024_8_D.xml|T0025_8_D.xml|T0026_8_D.xml|T0027_8_D.xml|T0028_8_D.xml|T0029_8_D.xml|T0030_8_D.xml|T0031_8_D.xml|T0032_8_D.xml|T0033_8_D.xml|T0034_8_D.xml|T0035_8_D.xml|T0036_8_D.xml|T0037_8_D.xml|T0038_8_D.xml|T0039_8_D.xml|T0040_8_D.xml|T0041_8_D.xml|T0042_8_D.xml|T0043_8_D.xml|T0044_8_D.xml|T0045_8_D.xml|T0046_8_D.xml|T0047_8_D.xml]
1,[T0001_9_A.xml|T0002_9_A.xml|T0003_9_A.xml|T0004_9_A.xml|T0005_9_A.xml|T0006_9_A.xml|T0007_9_A.xml|T0008_9_A.xml|T0009_9_A.xml|T0010_9_A.xml|T0011_9_A.xml|T0012_9_A.xml|T0013_9_A.xml|T0014_9_A.xml|T0015_9_A.xml|T0016_9_A.xml|T0017_9_A.xml|T0018_9_A.xml|T0019_9_A.xml|T0020_9_A.xml|T0021_9_A.xml|T0022_9_A.xml|T0023_9_A.xml|T0024_9_A.xml|T0025_9_A.xml|T0026_9_A.xml|T0027_9_A.xml|T0028_9_A.xml|T0029_9_A.xml|T0030_9_A.xml|T0031_9_A.xml|T0032_9_A.xml|T0033_9_A.xml|T0034_9_A.xml|T0035_9_A.xml|T0036_9_A.xml|T0037_9_A.xml|T0038_9_A.xml|T0039_9_A.xml|T0040_9_A.xml|T0041_9_A.xml|T0042_9_A.xml|T0043_9_A.xml|T0044_9_A.xml|T0045_9_A.xml|T0046_9_A.xml|T0047_9_A.xml]
62,[T0001_9_D.xml|T0002_9_D.xml|T0003_9_D.xml|T0004_9_D.xml|T0005_9_D.xml|T0006_9_D.xml|T0007_9_D.xml|T0008_9_D.xml|T0009_9_D.xml|T0010_9_D.xml|T0011_9_D.xml|T0012_9_D.xml|T0013_9_D.xml|T0014_9_D.xml|T0015_9_D.xml|T0016_9_D.xml|T0017_9_D.xml|T0018_9_D.xml|T0019_9_D.xml|T0020_9_D.xml|T0021_9_D.xml|T0022_9_D.xml|T0023_9_D.xml|T0024_9_D.xml|T0025_9_D.xml|T0026_9_D.xml|T0027_9_D.xml|T0028_9_D.xml|T0029_9_D.xml|T0030_9_D.xml|T0031_9_D.xml|T0032_9_D.xml|T0033_9_D.xml|T0034_9_D.xml|T0035_9_D.xml|T0036_9_D.xml|T0037_9_D.xml|T0038_9_D.xml|T0039_9_D.xml|T0040_9_D.xml|T0041_9_D.xml|T0042_9_D.xml|T0043_9_D.xml|T0044_9_D.xml|T0045_9_D.xml|T0046_9_D.xml|T0047_9_D.xml]
1,[T0001_10_A.xml|T0002_10_A.xml|T0003_10_A.xml|T0004_10_A.xml|T0005_10_A.xml|T0006_10_A.xml|T0007_10_A.xml|T0008_10_A.xml|T0009_10_A.xml|T0010_10_A.xml|T0011_10_A.xml|T0012_10_A.xml|T0013_10_A.xml|T0014_10_A.xml|T0015_10_A.xml|T0016_10_A.xml|T0017_10_A.xml|T0018_10_A.xml|T0019_10_A.xml|T0020_10_A.xml|T0021_10_A.xml|T0022_10_A.xml|T0023_10_A.xml|T0024_10_A.xml|T0025_10_A.xml|T0026_10_A.xml|T0027_10_A.xml|T0028_10_A.xml|T0029_10_A.xml|T0030_10_A.xml|T0031_10_A.xml|T0032_10_A.xml|T0033_10_A.xml|T0034_10_A.xml|T0035_10_A.xml|T0036_10_A.xml|T0037_10_A.xml|T0038_10_A.xml|T0039_10_A.xml|T0040_10_A.xml|T0041_10_A.xml|T0042_10_A.xml|T0043_10_A.xml|T0044_10_A.xml|T0045_10_A.xml|T0046_10_A.xml|T0047_10_A.xml]
62,[T0001_10_D.xml|T0002_10_D.xml|T0003_10_D.xml|T0004_10_D.xml|T0005_10_D.xml|T0006_10_D.xml|T0007_10_D.xml|T0008_10_D.xml|T0009_10_D.xml|T0010_10_D.xml|T0011_10_D.xml|T0012_10_D.xml|T0013_10_D.xml|T0014_10_D.xml|T0015_10_D.xml|T0016_10_D.xml|T0017_10_D.xml|T0018_10_D.xml|T0019_10_D.xml|T0020_10_D.xml|T0021_10_D.xml|T0022_10_D.xml|T0023_10_D.xml|T0024_10_D.xml|T0025_10_D.xml|T0026_10_D.xml|T0027_10_D.xml|T0028_10_D.xml|T0029_10_D.xml|T0030_10_D.xml|T0031_10_D.xml|T0032_10_D.xml|T0033_10_D.xml|T0034_10_D.xml|T0035_10_D.xml|T0036_10_D.xml|T0037_10_D.xml|T0038_10_D.xml|T0039_10_D.xml|T0040_10_D.xml|T0041_10_D.xml|T0042_10_D.xml|T0043_10_D.xml|T0044_10_D.xml|T0045_10_D.xml|T0046_10_D.xml|T0047_10_D.xml]
1,[T0001_11_A.xml|T0002_11_A.xml|T0003_11_A.xml|T0004_11_A.xml|T0005_11_A.xml|T0006_11_A.xml|T0007_11_A.xml|T0008_11_A.xml|T0009_11_A.xml|T0010_11_A.xml|T0011_11_A.xml|T0012_11_A.xml|T0013_11_A.xml|T0014_11_A.xml|T0015_11_A.xml|T0016_11_A.xml|T0017_11_A.xml|T0018_11_A.xml|T0019_11_A.xml|T0020_11_A.xml|T0021_11_A.xml|T0022_11_A.xml|T0023_11_A.xml|T0024_11_A.xml|T0025_11_A.xml|T0026_11_A.xml|T0027_11_A.xml|T0028_11_A.xml|T0029_11_A.xml|T0030_11_A.xml|T0031_11_A.xml|T0032_11_A.xml|T0033_11_A.xml|T0034_11_A.xml|T0035_11_A.xml|T0036_11_A.xml|T0037_11_A.xml|T0038_11_A.xml|T0039_11_A.xml|T0040_11_A.xml|T0041_11_A.xml|T0042_11_A.xml|T0043_11_A.xml|T0044_11_A.xml|T0045_11_A.xml|T0046_11_A.xml|T0047_11_A.xml]
62,[T0001_11_D.xml|T0002_11_D.xml|T0003_11_D.xml|T0004_11_D.xml|T0005_11_D.xml|T0006_11_D.xml|T0007_11_D.xml|T0008_11_D.xml|T0009_11_D.xml|T0010_11_D.xml|T0011_11_D.xml|T0012_11_D.xml|T0013_11_D.xml|T0014_11_D.xml|T0015_11_D.xml|T0016_11_D.xml|T0017_11_D.xml|T0018_11_D.xml|T0019_11_D.xml|T0020_11_D.xml|T0021_11_D.xml|T0022_11_D.xml|T0023_11_D.xml|T0024_11_D.xml|T0025_11_D.xml|T0026_11_D.xml|T0027_11_D.xml|T0028_11_D.xml|T0029_11_D.xml|T0030_11_D.xml|T0031_11_D.xml|T0032_11_D.xml|T0033_11_D.xml|T0034_11_D.xml|T0035_11_D.xml|T0036_11_D.xml|T0037_11_D.xml|T0038_11_D.xml|T0039_11_D.xml|T0040_11_D.xml|T0041_11_D.xml|T0042_11_D.xml|T0043_11_D.xml|T0044_11_D.xml|T0045_11_D.xml|T0046_11_D.xml|T0047_11_D.xml]
1,[T0001_12_A.xml|T0002_12_A.xml|T0003_12_A.xml|T0004_12_A.xml|T0005_12_A.xml|T0006_12_A.xml|T0007_12_A.xml|T0008_12_A.xml|T0009_12_A.xml|T0010_12_A.xml|T0011_12_A.xml|T0012_12_A.xml|T0013_12_A.xml|T0014_12_A.xml|T0015_12_A.xml|T0016_12_A.xml|T0017_12_A.xml|T0018_12_A.xml|T0019_12_A.xml|T0020_12_A.xml|T0021_12_A.xml|T0022_12_A.xml|T0023_12_A.xml|T0024_12_A.xml|T0025_12_A.xml|T0026_12_A.xml|T0027_12_A.xml|T0028_12_A.xml|T0029_12_A.xml|T0030_12_A.xml|T0031_12_A.xml|T0032_12_A.xml|T0033_12_A.xml|T0034_12_A.xml|T0035_12_A.xml|T0036_12_A.xml|T0037_12_A.xml|T0038_12_A.xml|T0039_12_A.xml|T0040_12_A.xml|T0041_12_A.xml|T0042_12_A.xml|T0043_12_A.xml|T0044_12_A.xml|T0045_12_A.xml|T0046_12_A.xml|T0047_12_A.xml]
62,[T0001_12_D.xml|T0002_12_D.xml|T0003_12_D.xml|T0004_12_D.xml|T0005_12_D.xml|T0006_12_D.xml|T0007_12_D.xml|T0008_12_D.xml|T0009_12_D.xml|T0010_12_D.xml|T0011_12_D.xml|T0012_12_D.xml|T0013_12_D.xml|T0014_12_D.xml|T0015_12_D.xml|T0016_12_D.xml|T0017_12_D.xml|T0018_12_D.xml|T0019_12_D.xml|T0020_12_D.xml|T0021_12_D.xml|T0022_12_D.xml|T0023_12_D.xml|T0024_12_D.xml|T0025_12_D.xml|T0026_12_D.xml|T0027_12_D.xml|T0028_12_D.xml|T0029_12_D.xml|T0030_12_D.xml|T0031_12_D.xml|T0032_12_D.xml|T0033_12_D.xml|T0034_12_D.xml|T0035_12_D.xml|T0036_12_D.xml|T0037_12_D.xml|T0038_12_D.xml|T0039_12_D.xml|T0040_12_D.xml|T0041_12_D.xml|T0042_12_D.xml|T0043_12_D.xml|T0044_12_D.xml|T0045_12_D.xml|T0046_12_D.xml|T0047_12_D.xml]
1,[T0001_13_A.xml|T0002_13_A.xml|T0003_13_A.xml|T0004_13_A.xml|T0005_13_A.xml|T0006_13_A.xml|T0007_13_A.xml|T0008_13_A.xml|T0009_13_A.xml|T0010_13_A.xml|T0011_13_A.xml|T0012_13_A.xml|T0013_13_A.xml|T0014_13_A.xml|T0015_13_A.xml|T0016_13_A.xml|T0017_13_A.xml|T0018_13_A.xml|T0019_13_A.xml|T0020_13_A.xml|T0021_13_A.xml|T0022_13_A.xml|T0023_13_A.xml|T0024_13_A.xml|T0025_13_A.xml|T0026_13_A.xml|T0027_13_A.xml|T0028_13_A.xml|T0029_13_A.xml|T0030_13_A.xml|T0031_13_A.xml|T0032_13_A.xml|T0033_13_A.xml|T0034_13_A.xml|T0035_13_A.xml|T0036_13_A.xml|T0037_13_A.xml|T0038_13_A.xml|T0039_13_A.xml|T0040_13_A.xml|T0041_13_A.xml|T0042_13_A.xml|T0043_13_A.xml|T0044_13_A.xml|T0045_13_A.xml|T0046_13_A.xml|T0047_13_A.xml]
62,[T0001_13_D.xml|T0002_13_D.xml|T0003_13_D.xml|T0004_13_D.xml|T0005_13_D.xml|T0006_13_D.xml|T0007_13_D.xml|T0008_13_D.xml|T0009_13_D.xml|T0010_13_D.xml|T0011_13_D.xml|T0012_13_D.xml|T0013_13_D.xml|T0014_13_D.xml|T0015_13_D.xml|T0016_13_D.xml|T0017_13_D.xml|T0018_13_D.xml|T0019_13_D.xml|T0020_13_D.xml|T0021_13_D.xml|T0022_13_D.xml|T0023_13_D.xml|T0024_13_D.xml|T0025_13_D.xml|T0026_13_D.xml|T0027_13_D.xml|T0028_13_D.xml|T0029_13_D.xml|T0030_13_D.xml|T0031_13_D.xml|T0032_13_D.xml|T0033_13_D.xml|T0034_13_D.xml|T0035_13_D.xml|T0036_13_D.xml|T0037_13_D.xml|T0038_13_D.xml|T0039_13_D.xml|T0040_13_D.xml|T0041_13_D.xml|T0042_13_D.xml|T0043_13_D.xml|T0044_13_D.xml|T0045_13_D.xml|T0046_13_D.xml|T0047_13_D.xml]
1,[T0001_14_A.xml|T0002_14_A.xml|T0003_14_A.xml|T0004_14_A.xml|T0005_14_A.xml|T0006_14_A.xml|T0007_14_A.xml|T0008_14_A.xml|T0009_14_A.xml|T0010_14_A.xml|T0011_14_A.xml|T0012_14_A.xml|T0013_14_A.xml|T0014_14_A.xml|T0015_14_A.xml|T0016_14_A.xml|T0017_14_A.xml|T0018_14_A.xml|T0019_14_A.xml|T0020_14_A.xml|T0021_14_A.xml|T0022_14_A.xml|T0023_14_A.xml|T0024_14_A.xml|T0025_14_A.xml|T0026_14_A.xml|T0027_14_A.xml|T0028_14_A.xml|T0029_14_A.xml|T0030_14_A.xml|T0031_14_A.xml|T0032_14_A.xml|T0033_14_A.xml|T0034_14_A.xml|T0035_14_A.xml|T0036_14_A.xml|T0037_14_A.xml|T0038_14_A.xml|T0039_14_A.xml|T0040_14_A.xml|T0041_14_A.xml|T0042_14_A.xml|T0043_14_A.xml|T0044_14_A.xml|T0045_14_A.xml|T0046_14_A.xml|T0047_14_A.xml]
62,[T0001_14_D.xml|T0002_14_D.xml|T0003_14_D.xml|T0004_14_D.xml|T0005_14_D.xml|T0006_14_D.xml|T0007_14_D.xml|T0008_14_D.xml|T0009_14_D.xml|T0010_14_D.xml|T0011_14_D.xml|T0012_14_D.xml|T0013_14_D.xml|T0014_14_D.xml|T0015_14_D.xml|T0016_14_D.xml|T0017_14_D.xml|T0018_14_D.xml|T0019_14_D.xml|T0020_14_D.xml|T0021_14_D.xml|T0022_14_D.xml|T0023_14_D.xml|T0024_14_D.xml|T0025_14_D.xml|T0026_14_D.xml|T0027_14_D.xml|T0028_14_D.xml|T0029_14_D.xml|T0030_14_D.xml|T0031_14_D.xml|T0032_14_D.xml|T0033_14_D.xml|T0034_14_D.xml|T0035_14_D.xml|T0036_14_D.xml|T0037_14_D.xml|T0038_14_D.xml|T0039_14_D.xml|T0040_14_D.xml|T0041_14_D.xml|T0042_14_D.xml|T0043_14_D.xml|T0044_14_D.xml|T0045_14_D.xml|T0046_14_D.xml|T0047_14_D.xml]
1,[T0001_15_A.xml|T0002_15_A.xml|T0003_15_A.xml|T0004_15_A.xml|T0005_15_A.xml|T0006_15_A.xml|T0007_15_A.xml|T0008_15_A.xml|T0009_15_A.xml|T0010_15_A.xml|T0011_15_A.xml|T0012_15_A.xml|T0013_15_A.xml|T0014_15_A.xml|T0015_15_A.xml|T0016_15_A.xml|T0017_15_A.xml|T0018_15_A.xml|T0019_15_A.xml|T0020_15_A.xml|T0021_15_A.xml|T0022_15_A.xml|T0023_15_A.xml|T0024_15_A.xml|T0025_15_A.xml|T0026_15_A.xml|T0027_15_A.xml|T0028_15_A.xml|T0029_15_A.xml|T0030_15_A.xml|T0031_15_A.xml|T0032_15_A.xml|T0033_15_A.xml|T0034_15_A.xml|T0035_15_A.xml|T0036_15_A.xml|T0037_15_A.xml|T0038_15_A.xml|T0039_15_A.xml|T0040_15_A.xml|T0041_15_A.xml|T0042_15_A.xml|T0043_15_A.xml|T0044_15_A.xml|T0045_15_A.xml|T0046_15_A.xml|T0047_15_A.xml]
62,[T0001_15_D.xml|T0002_15_D.xml|T0003_15_D.xml|T0004_15_D.xml|T0005_15_D.xml|T0006_15_D.xml|T0007_15_D.xml|T0008_15_D.xml|T0009_15_D.xml|T0010_15_D.xml|T0011_15_D.xml|T0012_15_D.xml|T0013_15_D.xml|T0014_15_D.xml|T0015_15_D.xml|T0016_15_D.xml|T0017_15_D.xml|T0018_15_D.xml|T0019_15_D.xml|T0020_15_D.xml|T0021_15_D.xml|T0022_15_D.xml|T0023_15_D.xml|T0024_15_D.xml|T0025_15_D.xml|T0026_15_D.xml|T0027_15_D.xml|T0028_15_D.xml|T0029_15_D.xml|T0030_15_D.xml|T0031_15_D.xml|T0032_15_D.xml|T0033_15_D.xml|T0034_15_D.xml|T0035_15_D.xml|T0036_15_D.xml|T0037_15_D.xml|T0038_15_D.xml|T0039_15_D.xml|T0040_15_D.xml|T0041_15_D.xml|T0042_15_D.xml|T0043_15_D.xml|T0044_15_D.xml|T0045_15_D.xml|T0046_15_D.xml|T0047_15_D.xml]
1,[T0001_16_A.xml|T0002_16_A.xml|T0003_16_A.xml|T0004_16_A.xml|T0005_16_A.xml|T0006_16_A.xml|T0007_16_A.xml|T0008_16_A.xml|T0009_16_A.xml|T0010_16_A.xml|T0011_16_A.xml|T0012_16_A.xml|T0013_16_A.xml|T0014_16_A.xml|T0015_16_A.xml|T0016_16_A.xml|T0017_16_A.xml|T0018_16_A.xml|T0019_16_A.xml|T0020_16_A.xml|T0021_16_A.xml|T0022_16_A.xml|T0023_16_A.xml|T0024_16_A.xml|T0025_16_A.xml|T0026_16_A.xml|T0027_16_A.xml|T0028_16_A.xml|T0029_16_A.xml|T0030_16_A.xml|T0031_16_A.xml|T0032_16_A.xml|T0033_16_A.xml|T0034_16_A.xml|T0035_16_A.xml|T0036_16_A.xml|T0037_16_A.xml|T0038_16_A.xml|T0039_16_A.xml|T0040_16_A.xml|T0041_16_A.xml|T0042_16_A.xml|T0043_16_A.xml|T0044_16_A.xml|T0045_16_A.xml|T0046_16_A.xml|T0047_16_A.xml]
62,[T0001_16_D.xml|T0002_16_D.xml|T0003_16_D.xml|T0004_16_D.xml|T0005_16_D.xml|T0006_16_D.xml|T0007_16_D.xml|T0008_16_D.xml|T0009_16_D.xml|T0010_16_D.xml|T0011_16_D.xml|T0012_16_D.xml|T0013_16_D.xml|T0014_16_D.xml|T0015_16_D.xml|T0016_16_D.xml|T0017_16_D.xml|T0018_16_D.xml|T0019_16_D.xml|T0020_16_D.xml|T0021_16_D.xml|T0022_16_D.xml|T0023_16_D.xml|T0024_16_D.xml|T0025_16_D.xml|T0026_16_D.xml|T0027_16_D.xml|T0028_16_D.xml|T0029_16_D.xml|T0030_16_D.xml|T0031_16_D.xml|T0032_16_D.xml|T0033_16_D.xml|T0034_16_D.xml|T0035_16_D.xml|T0036_16_D.xml|T0037_16_D.xml|T0038_16_D.xml|T0039_16_D.xml|T0040_16_D.xml|T0041_16_D.xml|T0042_16_D.xml|T0043_16_D.xml|T0044_16_D.xml|T0045_16_D.xml|T0046_16_D.xml|T0047_16_D.xml]
1,[T0001_17_A.xml|T0002_17_A.xml|T0003_17_A.xml|T0004_17_A.xml|T0005_17_A.xml|T0006_17_A.xml|T0007_17_A.xml|T0008_17_A.xml|T0009_17_A.xml|T0010_17_A.xml|T0011_17_A.xml|T0012_17_A.xml|T0013_17_A.xml|T0014_17_A.xml|T0015_17_A.xml|T0016_17_A.xml|T0017_17_A.xml|T0018_17_A.xml|T0019_17_A.xml|T0020_17_A.xml|T0021_17_A.xml|T0022_17_A.xml|T0023_17_A.xml|T0024_17_A.xml|T0025_17_A.xml|T0026_17_A.xml|T0027_17_A.xml|T0028_17_A.xml|T0029_17_A.xml|T0030_17_A.xml|T0031_17_A.xml|T0032_17_A.xml|T0033_17_A.xml|T0034_17_A.xml|T0035_17_A.xml|T0036_17_A.xml|T0037_17_A.xml|T0038_17_A.xml|T0039_17_A.xml|T0040_17_A.xml|T0041_17_A.xml|T0042_17_A.xml|T0043_17_A.xml|T0044_17_A.xml|T0045_17_A.xml|T0046_17_A.xml|T0047_17_A.xml]
62,[T0001_17_D.xml|T0002_17_D.xml|T0003_17_D.xml|T0004_17_D.xml|T0005_17_D.xml|T0006_17_D.xml|T0007_17_D.xml|T0008_17_D.xml|T0009_17_D.xml|T0010_17_D.xml|T0011_17_D.xml|T0012_17_D.xml|T0013_17_D.xml|T0014_17_D.xml|T0015_17_D.xml|T0016_17_D.xml|T0017_17_D.xml|T0018_17_D.xml|T0019_17_D.xml|T0020_17_D.xml|T0021_17_D.xml|T0022_17_D.xml|T0023_17_D.xml|T0024_17_D.xml|T0025_17_D.xml|T0026_17_D.xml|T0027_17_D.xml|T0028_17_D.xml|T0029_17_D.xml|T0030_17_D.xml|T0031_17_D.xml|T0032_17_D.xml|T0033_17_D.xml|T0034_17_D.xml|T0035_17_D.xml|T0036_17_D.xml|T0037_17_D.xml|T0038_17_D.xml|T0039_17_D.xml|T0040_17_D.xml|T0041_17_D.xml|T0042_17_D.xml|T0043_17_D.xml|T0044_17_D.xml|T0045_17_D.xml|T0046_17_D.xml|T0047_17_D.xml]
1,[T0001_18_A.xml|T0002_18_A.xml|T0003_18_A.xml|T0004_18_A.xml|T0005_18_A.xml|T0006_18_A.xml|T0007_18_A.xml|T0008_18_A.xml|T0009_18_A.xml|T0010_18_A.xml|T0011_18_A.xml|T0012_18_A.xml|T0013_18_A.xml|T0014_18_A.xml|T0015_18_A.xml|T0016_18_A.xml|T0017_18_A.xml|T0018_18_A.xml|T0019_18_A.xml|T0020_18_A.xml|T0021_18_A.xml|T0022_18_A.xml|T0023_18_A.xml|T0024_18_A.xml|T0025_18_A.xml|T0026_18_A.xml|T0027_18_A.xml|T0028_18_A.xml|T0029_18_A.xml|T0030_18_A.xml|T0031_18_A.xml|T0032_18_A.xml|T0033_18_A.xml|T0034_18_A.xml|T0035_18_A.xml|T0036_18_A.xml|T0037_18_A.xml|T0038_18_A.xml|T0039_18_A.xml|T0040_18_A.xml|T0041_18_A.xml|T0042_18_A.xml|T0043_18_A.xml|T0044_18_A.xml|T0045_18_A.xml|T0046_18_A.xml|T0047_18_A.xml]
62,[T0001_18_D.xml|T0002_18_D.xml|T0003_18_D.xml|T0004_18_D.xml|T0005_18_D.xml|T0006_18_D.xml|T0007_18_D.xml|T0008_18_D.xml|T0009_18_D.xml|T0010_18_D.xml|T0011_18_D.xml|T0012_18_D.xml|T0013_18_D.xml|T0014_18_D.xml|T0015_18_D.xml|T0016_18_D.xml|T0017_18_D.xml|T0018_18_D.xml|T0019_18_D.xml|T0020_18_D.xml|T0021_18_D.xml|T0022_18_D.xml|T0023_18_D.xml|T0024_18_D.xml|T0025_18_D.xml|T0026_18_D.xml|T0027_18_D.xml|T0028_18_D.xml|T0029_18_D.xml|T0030_18_D.xml|T0031_18_D.xml|T0032_18_D.xml|T0033_18_D.xml|T0034_18_D.xml|T0035_18_D.xml|T0036_18_D.xml|T0037_18_D.xml|T0038_18_D.xml|T0039_18_D.xml|T0040_18_D.xml|T0041_18_D.xml|T0042_18_D.xml|T0043_18_D.xml|T0044_18_D.xml|T0045_18_D.xml|T0046_18_D.xml|T0047_18_D.xml]
1,[T0001_19_A.xml|T0002_19_A.xml|T0003_19_A.xml|T0004_19_A.xml|T0005_19_A.xml|T0006_19_A.xml|T0007_19_A.xml|T0008_19_A.xml|T0009_19_A.xml|T0010_19_A.xml|T0011_19_A.xml|T0012_19_A.xml|T0013_19_A.xml|T0014_19_A.xml|T0015_19_A.xml|T0016_19_A.xml|T0017_19_A.xml|T0018_19_A.xml|T0019_19_A.xml|T0020_19_A.xml|T0021_19_A.xml|T0022_19_A.xml|T0023_19_A.xml|T0024_19_A.xml|T0025_19_A.xml|T0026_19_A.xml|T0027_19_A.xml|T0028_19_A.xml|T0029_19_A.xml|T0030_19_A.xml|T0031_19_A.xml|T0032_19_A.xml|T0033_19_A.xml|T0034_19_A.xml|T0035_19_A.xml|T0036_19_A.xml|T0037_19_A.xml|T0038_19_A.xml|T0039_19_A.xml|T0040_19_A.xml|T0041_19_A.xml|T0042_19_A.xml|T0043_19_A.xml|T0044_19_A.xml|T0045_19_A.xml|T0046_19_A.xml|T0047_19_A.xml]
62,[T0001_19_D.xml|T0002_19_D.xml|T0003_19_D.xml|T0004_19_D.xml|T0005_19_D.xml|T0006_19_D.xml|T0007_19_D.xml|T0008_19_D.xml|T0009_19_D.xml|T0010_19_D.xml|T0011_19_D.xml|T0012_19_D.xml|T0013_19_D.xml|T0014_19_D.xml|T0015_19_D.xml|T0016_19_D.xml|T0017_19_D.xml|T0018_19_D.xml|T0019_19_D.xml|T0020_19_D.xml|T0021_19_D.xml|T0022_19_D.xml|T0023_19_D.xml|T0024_19_D.xml|T0025_19_D.xml|T0026_19_D.xml|T0027_19_D.xml|T0028_19_D.xml|T0029_19_D.xml|T0030_19_D.xml|T0031_19_D.xml|T0032_19_D.xml|T0033_19_D.xml|T0034_19_D.xml|T0035_19_D.xml|T0036_19_D.xml|T0037_19_D.xml|T0038_19_D.xml|T0039_19_D.xml|T0040_19_D.xml|T0041_19_D.xml|T0042_19_D.xml|T0043_19_D.xml|T0044_19_D.xml|T0045_19_D.xml|T0046_19_D.xml|T0047_19_D.xml]
1,[T0001_20_A.xml|T0002_20_A.xml|T0003_20_A.xml|T0004_20_A.xml|T0005_20_A.xml|T0006_20_A.xml|T0007_20_A.xml|T0008_20_A.xml|T0009_20_A.xml|T0010_20_A.xml|T0011_20_A.xml|T0012_20_A.xml|T0013_20_A.xml|T0014_20_A.xml|T0015_20_A.xml|T0016_20_A.xml|T0017_20_A.xml|T0018_20_A.xml|T0019_20_A.xml|T0020_20_A.xml|T0021_20_A.xml|T0022_20_A.xml|T0023_20_A.xml|T0024_20_A.xml|T0025_20_A.xml|T0026_20_A.xml|T0027_20_A.xml|T0028_20_A.xml|T0029_20_A.xml|T0030_20_A.xml|T0031_20_A.xml|T0032_20_A.xml|T0033_20_A.xml|T0034_20_A.xml|T0035_20_A.xml|T0036_20_A.xml|T0037_20_A.xml|T0038_20_A.xml|T0039_20_A.xml|T0040_20_A.xml|T0041_20_A.xml|T0042_20_A.xml|T0043_20_A.xml|T0044_20_A.xml|T0045_20_A.xml|T0046_20_A.xml|T0047_20_A.xml]
62,[T0001_20_D.xml|T0002_20_D.xml|T0003_20_D.xml|T0004_20_D.xml|T0005_20_D.xml|T0006_20_D.xml|T0007_20_D.xml|T0008_20_D.xml|T0009_20_D.xml|T0010_20_D.xml|T0011_20_D.xml|T0012_20_D.xml|T0013_20_D.xml|T0014_20_D.xml|T0015_20_D.xml|T0016_20_D.xml|T0017_20_D.xml|T0018_20_D.xml|T0019_20_D.xml|T0020_20_D.xml|T0021_20_D.xml|T0022_20_D.xml|T0023_20_D.xml|T0024_20_D.xml|T0025_20_D.xml|T0026_20_D.xml|T0027_20_D.xml|T0028_20_D.xml|T0029_20_D.xml|T0030_20_D.xml|T0031_20_D.xml|T0032_20_D.xml|T0033_20_D.xml|T0034_20_D.xml|T0035_20_D.xml|T0036_20_D.xml|T0037_20_D.xml|T0038_20_D.xml|T0039_20_D.xml|T0040_20_D.xml|T0041_20_D.xml|T0042_20_D.xml|T0043_20_D.xml|T0044_20_D.xml|T0045_20_D.xml|T0046_20_D.xml|T0047_20_D.xml]
1,[T0001_21_A.xml|T0002_21_A.xml|T0003_21_A.xml|T0004_21_A.xml|T0005_21_A.xml|T0006_21_A.xml|T0007_21_A.xml|T0008_21_A.xml|T0009_21_A.xml|T0010_21_A.xml|T0011_21_A.xml|T0012_21_A.xml|T0013_21_A.xml|T0014_21_A.xml|T0015_21_A.xml|T0016_21_A.xml|T0017_21_A.xml|T0018_21_A.xml|T0019_21_A.xml|T0020_21_A.xml|T0021_21_A.xml|T0022_21_A.xml|T0023_21_A.xml|T0024_21_A.xml|T0025_21_A.xml|T0026_21_A.xml|T0027_21_A.xml|T0028_21_A.xml|T0029_21_A.xml|T0030_21_A.xml|T0031_21_A.xml|T0032_21_A.xml|T0033_21_A.xml|T0034_21_A.xml|T0035_21_A.xml|T0036_21_A.xml|T0037_21_A.xml|T0038_21_A.xml|T0039_21_A.xml|T0040_21_A.xml|T0041_21_A.xml|T0042_21_A.xml|T0043_21_A.xml|T0044_21_A.xml|T0045_21_A.xml|T0046_21_A.xml|T0047_21_A.xml]
62,[T0001_21_D.xml|T0002_21_D.xml|T0003_21_D.xml|T0004_21_D.xml|T0005_21_D.xml|T0006_21_D.xml|T0007_21_D.xml|T0008_21_D.xml|T0009_21_D.xml|T0010_21_D.xml|T0011_21_D.xml|T0012_21_D.xml|T0013_21_D.xml|T0014_21_D.xml|T0015_21_D.xml|T0016_21_D.xml|T0017_21_D.xml|T0018_21_D.xml|T0019_21_D.xml|T0020_21_D.xml|T0021_21_D.xml|T0022_21_D.xml|T0023_21_D.xml|T0024_21_D.xml|T0025_21_D.xml|T0026_21_D.xml|T0027_21_D.xml|T0028_21_D.xml|T0029_21_D.xml|T0030_21_D.xml|T0031_21_D.xml|T0032_21_D.xml|T0033_21_D.xml|T0034_21_D.xml|T0035_21_D.xml|T0036_21_D.xml|T0037_21_D.xml|T0038_21_D.xml|T0039_21_D.xml|T0040_21_D.xml|T0041_21_D.xml|T0042_21_D.xml|T0043_21_D.xml|T0044_21_D.xml|T0045_21_D.xml|T0046_21_D.xml|T0047_21_D.xml]
1,[T0001_22_A.xml|T0002_22_A.xml|T0003_22_A.xml|T0004_22_A.xml|T0005_22_A.xml|T0006_22_A.xml|T0007_22_A.xml|T0008_22_A.xml|T0009_22_A.xml|T0010_22_A.xml|T0011_22_A.xml|T0012_22_A.xml|T0013_22_A.xml|T0014_22_A.xml|T0015_22_A.xml|T0016_22_A.xml|T0017_22_A.xml|T0018_22_A.xml|T0019_22_A.xml|T0020_22_A.xml|T0021_22_A.xml|T0022_22_A.xml|T0023_22_A.xml|T0024_22_A.xml|T0025_22_A.xml|T0026_22_A.xml|T0027_22_A.xml|T0028_22_A.xml|T0029_22_A.xml|T0030_22_A.xml|T0031_22_A.xml|T0032_22_A.xml|T0033_22_A.xml|T0034_22_A.xml|T0035_22_A.xml|T0036_22_A.xml|T0037_22_A.xml|T0038_22_A.xml|T0039_22_A.xml|T0040_22_A.xml|T0041_22_A.xml|T0042_22_A.xml|T0043_22_A.xml|T0044_22_A.xml|T0045_22_A.xml|T0046_22_A.xml|T0047_22_A.xml]
62,[T0001_22_D.xml|T0002_22_D.xml|T0003_22_D.xml|T0004_22_D.xml|T0005_22_D.xml|T0006_22_D.xml|T0007_22_D.xml|T0008_22_D.xml|T0009_22_D.xml|T0010_22_D.xml|T0011_22_D.xml|T0012_22_D.xml|T0013_22_D.xml|T0014_22_D.xml|T0015_22_D.xml|T0016_22_D.xml|T0017_22_D.xml|T0018_22_D.xml|T0019_22_D.xml|T0020_22_D.xml|T0021_22_D.xml|T0022_22_D.xml|T0023_22_D.xml|T0024_22_D.xml|T0025_22_D.xml|T0026_22_D.xml|T0027_22_D.xml|T0028_22_D.xml|T0029_22_D.xml|T0030_22_D.xml|T0031_22_D.xml|T0032_22_D.xml|T0033_22_D.xml|T0034_22_D.xml|T0035_22_D.xml|T0036_22_D.xml|T0037_22_D.xml|T0038_22_D.xml|T0039_22_D.xml|T0040_22_D.xml|T0041_22_D.xml|T0042_22_D.xml|T0043_22_D.xml|T0044_22_D.xml|T0045_22_D.xml|T0046_22_D.xml|T0047_22_D.xml]
1,[T0001_23_A.xml|T0002_23_A.xml|T0003_23_A.xml|T0004_23_A.xml|T0005_23_A.xml|T0006_23_A.xml|T0007_23_A.xml|T0008_23_A.xml|T0009_23_A.xml|T0010_23_A.xml|T0011_23_A.xml|T0012_23_A.xml|T0013_23_A.xml|T0014_23_A.xml|T0015_23_A.xml|T0016_23_A.xml|T0017_23_A.xml|T0018_23_A.xml|T0019_23_A.xml|T0020_23_A.xml|T0021_23_A.xml|T0022_23_A.xml|T0023_23_A.xml|T0024_23_A.xml|T0025_23_A.xml|T0026_23_A.xml|T0027_23_A.xml|T0028_23_A.xml|T0029_23_A.xml|T0030_23_A.xml|T0031_23_A.xml|T0032_23_A.xml|T0033_23_A.xml|T0034_23_A.xml|T0035_23_A.xml|T0036_23_A.xml|T0037_23_A.xml|T0038_23_A.xml|T0039_23_A.xml|T0040_23_A.xml|T0041_23_A.xml|T0042_23_A.xml|T0043_23_A.xml|T0044_23_A.xml|T0045_23_A.xml|T0046_23_A.xml|T0047_23_A.xml]
62,[T0001_23_D.xml|T0002_23_D.xml|T0003_23_D.xml|T0004_23_D.xml|T0005_23_D.xml|T0006_23_D.xml|T0007_23_D.xml|T0008_23_D.xml|T0009_23_D.xml|T0010_23_D.xml|T0011_23_D.xml|T0012_23_D.xml|T0013_23_D.xml|T0014_23_D.xml|T0015_23_D.xml|T0016_23_D.xml|T0017_23_D.xml|T0018_23_D.xml|T0019_23_D.xml|T0020_23_D.xml|T0021_23_D.xml|T0022_23_D.xml|T0023_23_D.xml|T0024_23_D.xml|T0025_23_D.xml|T0026_23_D.xml|T0027_23_D.xml|T0028_23_D.xml|T0029_23_D.xml|T0030_23_D.xml|T0031_23_D.xml|T0032_23_D.xml|T0033_23_D.xml|T0034_23_D.xml|T0035_23_D.xml|T0036_23_D.xml|T0037_23_D.xml|T0038_23_D.xml|T0039_23_D.xml|T0040_23_D.xml|T0041_23_D.xml|T0042_23_D.xml|T0043_23_D.xml|T0044_23_D.xml|T0045_23_D.xml|T0046_23_D.xml|T0047_23_D.xml]
1,[T0001_24_A.xml|T0002_24_A.xml|T0003_24_A.xml|T0004_24_A.xml|T0005_24_A.xml|T0006_24_A.xml|T0007_24_A.xml|T0008_24_A.xml|T0009_24_A.xml|T0010_24_A.xml|T0011_24_A.xml|T0012_24_A.xml|T0013_24_A.xml|T0014_24_A.xml|T0015_24_A.xml|T0016_24_A.xml|T0017_24_A.xml|T0018_24_A.xml|T0019_24_A.xml|T0020_24_A.xml|T0021_24_A.xml|T0022_24_A.xml|T0023_24_A.xml|T0024_24_A.xml|T0025_24_A.xml|T0026_24_A.xml|T0027_24_A.xml|T0028_24_A.xml|T0029_24_A.xml|T0030_24_A.xml|T0031_24_A.xml|T0032_24_A.xml|T0033_24_A.xml|T0034_24_A.xml|T0035_24_A.xml|T0036_24_A.xml|T0037_24_A.xml|T0038_24_A.xml|T0039_24_A.xml|T0040_24_A.xml|T0041_24_A.xml|T0042_24_A.xml|T0043_24_A.xml|T0044_24_A.xml|T0045_24_A.xml|T0046_24_A.xml|T0047_24_A.xml]
62,[T0001_24_D.xml|T0002_24_D.xml|T0003_24_D.xml|T0004_24_D.xml|T0005_24_D.xml|T0006_24_D.xml|T0007_24_D.xml|T0008_24_D.xml|T0009_24_D.xml|T0010_24_D.xml|T0011_24_D.xml|T0012_24_D.xml|T0013_24_D.xml|T0014_24_D.xml|T0015_24_D.xml|T0016_24_D.xml|T0017_24_D.xml|T0018_24_D.xml|T0019_24_D.xml|T0020_24_D.xml|T0021_24_D.xml|T0022_24_D.xml|T0023_24_D.xml|T0024_24_D.xml|T0025_24_D.xml|T0026_24_D.xml|T0027_24_D.xml|T0028_24_D.xml|T0029_24_D.xml|T0030_24_D.xml|T0031_24_D.xml|T0032_24_D.xml|T0033_24_D.xml|T0034_24_D.xml|T0035_24_D.xml|T0036_24_D.xml|T0037_24_D.xml|T0038_24_D.xml|T0039_24_D.xml|T0040_24_D.xml|T0041_24_D.xml|T0042_24_D.xml|T0043_24_D.xml|T0044_24_D.xml|T0045_24_D.xml|T0046_24_D.xml|T0047_24_D.xml]
1,[T0001_25_A.xml|T0002_25_A.xml|T0003_25_A.xml|T0004_25_A.xml|T0005_25_A.xml|T0006_25_A.xml|T0007_25_A.xml|T0008_25_A.xml|T0009_25_A.xml|T0010_25_A.xml|T0011_25_A.xml|T0012_25_A.xml|T0013_25_A.xml|T0014_25_A.xml|T0015_25_A.xml|T0016_25_A.xml|T0017_25_A.xml|T0018_25_A.xml|T0019_25_A.xml|T0020_25_A.xml|T0021_25_A.xml|T0022_25_A.xml|T0023_25_A.xml|T0024_25_A.xml|T0025_25_A.xml|T0026_25_A.xml|T0027_25_A.xml|T0028_25_A.xml|T0029_25_A.xml|T0030_25_A.xml|T0031_25_A.xml|T0032_25_A.xml|T0033_25_A.xml|T0034_25_A.xml|T0035_25_A.xml|T0036_25_A.xml|T0037_25_A.xml|T0038_25_A.xml|T0039_25_A.xml|T0040_25_A.xml|T0041_25_A.xml|T0042_25_A.xml|T0043_25_A.xml|T0044_25_A.xml|T0045_25_A.xml|T0046_25_A.xml|T0047_25_A.xml]
62,[T0001_25_D.xml|T0002_25_D.xml|T0003_25_D.xml|T0004_25_D.xml|T0005_25_D.xml|T0006_25_D.xml|T0007_25_D.xml|T0008_25_D.xml|T0009_25_D.xml|T0010_25_D.xml|T0011_25_D.xml|T0012_25_D.xml|T0013_25_D.xml|T0014_25_D.xml|T0015_25_D.xml|T0016_25_D.xml|T0017_25_D.xml|T0018_25_D.xml|T0019_25_D.xml|T0020_25_D.xml|T0021_25_D.xml|T0022_25_D.xml|T0023_25_D.xml|T0024_25_D.xml|T0025_25_D.xml|T0026_25_D.xml|T0027_25_D.xml|T0028_25_D.xml|T0029_25_D.xml|T0030_25_D.xml|T0031_25_D.xml|T0032_25_D.xml|T0033_25_D.xml|T0034_25_D.xml|T0035_25_D.xml|T0036_25_D.xml|T0037_25_D.xml|T0038_25_D.xml|T0039_25_D.xml|T0040_25_D.xml|T0041_25_D.xml|T0042_25_D.xml|T0043_25_D.xml|T0044_25_D.xml|T0045_25_D.xml|T0046_25_D.xml|T0047_25_D.xml]
1,[T0001_26_A.xml|T0002_26_A.xml|T0003_26_A.xml|T0004_26_A.xml|T0005_26_A.xml|T0006_26_A.xml|T0007_26_A.xml|T0008_26_A.xml|T0009_26_A.xml|T0010_26_A.xml|T0011_26_A.xml|T0012_26_A.xml|T0013_26_A.xml|T0014_26_A.xml|T0015_26_A.xml|T0016_26_A.xml|T0017_26_A.xml|T0018_26_A.xml|T0019_26_A.xml|T0020_26_A.xml|T0021_26_A.xml|T0022_26_A.xml|T0023_26_A.xml|T0024_26_A.xml|T0025_26_A.xml|T0026_26_A.xml|T0027_26_A.xml|T0028_26_A.xml|T0029_26_A.xml|T0030_26_A.xml|T0031_26_A.xml|T0032_26_A.xml|T0033_26_A.xml|T0034_26_A.xml|T0035_26_A.xml|T0036_26_A.xml|T0037_26_A.xml|T0038_26_A.xml|T0039_26_A.xml|T0040_26_A.xml|T0041_26_A.xml|T0042_26_A.xml|T0043_26_A.xml|T0044_26_A.xml|T0045_26_A.xml|T0046_26_A.xml|T0047_26_A.xml]
62,[T0001_26_D.xml|T0002_26_D.xml|T0003_26_D.xml|T0004_26_D.xml|T0005_26_D.xml|T0006_26_D.xml|T0007_26_D.xml|T0008_26_D.xml|T0009_26_D.xml|T0010_26_D.xml|T0011_26_D.xml|T0012_26_D.xml|T0013_26_D.xml|T0014_26_D.xml|T0015_26_D.xml|T0016_26_D.xml|T0017_26_D.xml|T0018_26_D.xml|T0019_26_D.xml|T0020_26_D.xml|T0021_26_D.xml|T0022_26_D.xml|T0023_26_D.xml|T0024_26_D.xml|T0025_26_D.xml|T0026_26_D.xml|T0027_26_D.xml|T0028_26_D.xml|T0029_26_D.xml|T0030_26_D.xml|T0031_26_D.xml|T0032_26_D.xml|T0033_26_D.xml|T0034_26_D.xml|T0035_26_D.xml|T0036_26_D.xml|T0037_26_D.xml|T0038_26_D.xml|T0039_26_D.xml|T0040_26_D.xml|T0041_26_D.xml|T0042_26_D.xml|T0043_26_D.xml|T0044_26_D.xml|T0045_26_D.xml|T0046_26_D.xml|T0047_26_D.xml]
1,[T0001_27_A.xml|T0002_27_A.xml|T0003_27_A.xml|T0004_27_A.xml|T0005_27_A.xml|T0006_27_A.xml|T0007_27_A.xml|T0008_27_A.xml|T0009_27_A.xml|T0010_27_A.xml|T0011_27_A.xml|T0012_27_A.xml|T0013_27_A.xml|T0014_27_A.xml|T0015_27_A.xml|T0016_27_A.xml|T0017_27_A.xml|T0018_27_A.xml|T0019_27_A.xml|T0020_27_A.xml|T0021_27_A.xml|T0022_27_A.xml|T0023_27_A.xml|T0024_27_A.xml|T0025_27_A.xml|T0026_27_A.xml|T0027_27_A.xml|T0028_27_A.xml|T0029_27_A.xml|T0030_27_A.xml|T0031_27_A.xml|T0032_27_A.xml|T0033_27_A.xml|T0034_27_A.xml|T0035_27_A.xml|T0036_27_A.xml|T0037_27_A.xml|T0038_27_A.xml|T0039_27_A.xml|T0040_27_A.xml|T0041_27_A.xml|T0042_27_A.xml|T0043_27_A.xml|T0044_27_A.xml|T0045_27_A.xml|T0046_27_A.xml|T0047_27_A.xml]
62,[T0001_27_D.xml|T0002_27_D.xml|T0003_27_D.xml|T0004_27_D.xml|T0005_27_D.xml|T0006_27_D.xml|T0007_27_D.xml|T0008_27_D.xml|T0009_27_D.xml|T0010_27_D.xml|T0011_27_D.xml|T0012_27_D.xml|T0013_27_D.xml|T0014_27_D.xml|T0015_27_D.xml|T0016_27_D.xml|T0017_27_D.xml|T0018_27_D.xml|T0019_27_D.xml|T0020_27_D.xml|T0021_27_D.xml|T0022_27_D.xml|T0023_27_D.xml|T0024_27_D.xml|T0025_27_D.xml|T0026_27_D.xml|T0027_27_D.xml|T0028_27_D.xml|T0029_27_D.xml|T0030_27_D.xml|T0031_27_D.xml|T0032_27_D.xml|T0033_27_D.xml|T0034_27_D.xml|T0035_27_D.xml|T0036_27_D.xml|T0037_27_D.xml|T0038_27_D.xml|T0039_27_D.xml|T0040_27_D.xml|T0041_27_D.xml|T0042_27_D.xml|T0043_27_D.xml|T0044_27_D.xml|T0045_27_D.xml|T0046_27_D.xml|T0047_27_D.xml]
1,[T0001_28_A.xml|T0002_28_A.xml|T0003_28_A.xml|T0004_28_A.xml|T0005_28_A.xml|T0006_28_A.xml|T0007_28_A.xml|T0008_28_A.xml|T0009_28_A.xml|T0010_28_A.xml|T0011_28_A.xml|T0012_28_A.xml|T0013_28_A.xml|T0014_28_A.xml|T0015_28_A.xml|T0016_28_A.xml|T0017_28_A.xml|T0018_28_A.xml|T0019_28_A.xml|T0020_28_A.xml|T0021_28_A.xml|T0022_28_A.xml|T0023_28_A.xml|T0024_28_A.xml|T0025_28_A.xml|T0026_28_A.xml|T0027_28_A.xml|T0028_28_A.xml|T0029_28_A.xml|T0030_28_A.xml|T0031_28_A.xml|T0032_28_A.xml|T0033_28_A.xml|T0034_28_A.xml|T0035_28_A.xml|T0036_28_A.xml|T0037_28_A.xml|T0038_28_A.xml|T0039_28_A.xml|T0040_28_A.xml|T0041_28_A.xml|T0042_28_A.xml|T0043_28_A.xml|T0044_28_A.xml|T0045_28_A.xml|T0046_28_A.xml|T0047_28_A.xml]
62,[T0001_28_D.xml|T0002_28_D.xml|T0003_28_D.xml|T0004_28_D.xml|T0005_28_D.xml|T0006_28_D.xml|T0007_28_D.xml|T0008_28_D.xml|T0009_28_D.xml|T0010_28_D.xml|T0011_28_D.xml|T0012_28_D.xml|T0013_28_D.xml|T0014_28_D.xml|T0015_28_D.xml|T0016_28_D.xml|T0017_28_D.xml|T0018_28_D.xml|T0019_28_D.xml|T0020_28_D.xml|T0021_28_D.xml|T0022_28_D.xml|T0023_28_D.xml|T0024_28_D.xml|T0025_28_D.xml|T0026_28_D.xml|T0027_28_D.xml|T0028_28_D.xml|T0029_28_D.xml|T0030_28_D.xml|T0031_28_D.xml|T0032_28_D.xml|T0033_28_D.xml|T0034_28_D.xml|T0035_28_D.xml|T0036_28_D.xml|T0037_28_D.xml|T0038_28_D.xml|T0039_28_D.xml|T0040_28_D.xml|T0041_28_D.xml|T0042_28_D.xml|T0043_28_D.xml|T0044_28_D.xml|T0045_28_D.xml|T0046_28_D.xml|T0047_28_D.xml]
1,[T0001_29_A.xml|T0002_29_A.xml|T0003_29_A.xml|T0004_29_A.xml|T0005_29_A.xml|T0006_29_A.xml|T0007_29_A.xml|T0008_29_A.xml|T0009_29_A.xml|T0010_29_A.xml|T0011_29_A.xml|T0012_29_A.xml|T0013_29_A.xml|T0014_29_A.xml|T0015_29_A.xml|T0016_29_A.xml|T0017_29_A.xml|T0018_29_A.xml|T0019_29_A.xml|T0020_29_A.xml|T0021_29_A.xml|T0022_29_A.xml|T0023_29_A.xml|T0024_29_A.xml|T0025_29_A.xml|T0026_29_A.xml|T0027_29_A.xml|T0028_29_A.xml|T0029_29_A.xml|T0030_29_A.xml|T0031_29_A.xml|T0032_29_A.xml|T0033_29_A.xml|T0034_29_A.xml|T0035_29_A.xml|T0036_29_A.xml|T0037_29_A.xml|T0038_29_A.xml|T0039_29_A.xml|T0040_29_A.xml|T0041_29_A.xml|T0042_29_A.xml|T0043_29_A.xml|T0044_29_A.xml|T0045_29_A.xml|T0046_29_A.xml|T0047_29_A.xml]
62,[T0001_29_D.xml|T0002_29_D.xml|T0003_29_D.xml|T0004_29_D.xml|T0005_29_D.xml|T0006_29_D.xml|T0007_29_D.xml|T0008_29_D.xml|T0009_29_D.xml|T0010_29_D.xml|T0011_29_D.xml|T0012_29_D.xml|T0013_29_D.xml|T0014_29_D.xml|T0015_29_D.xml|T0016_29_D.xml|T0017_29_D.xml|T0018_29_D.xml|T0019_29_D.xml|T0020_29_D.xml|T0021_29_D.xml|T0022_29_D.xml|T0023_29_D.xml|T0024_29_D.xml|T0025_29_D.xml|T0026_29_D.xml|T0027_29_D.xml|T0028_29_D.xml|T0029_29_D.xml|T0030_29_D.xml|T0031_29_D.xml|T0032_29_D.xml|T0033_29_D.xml|T0034_29_D.xml|T0035_29_D.xml|T0036_29_D.xml|T0037_29_D.xml|T0038_29_D.xml|T0039_29_D.xml|T0040_29_D.xml|T0041_29_D.xml|T0042_29_D.xml|T0043_29_D.xml|T0044_29_D.xml|T0045_29_D.xml|T0046_29_D.xml|T0047_29_D.xml]
1,[T0001_30_A.xml|T0002_30_A.xml|T0003_30_A.xml|T0004_30_A.xml|T0005_30_A.xml|T0006_30_A.xml|T0007_30_A.xml|T0008_30_A.xml|T0009_30_A.xml|T0010_30_A.xml|T0011_30_A.xml|T0012_30_A.xml|T0013_30_A.xml|T0014_30_A.xml|T0015_30_A.xml|T0016_30_A.xml|T0017_30_A.xml|T0018_30_A.xml|T0019_30_A.xml|T0020_30_A.xml|T0021_30_A.xml|T0022_30_A.xml|T0023_30_A.xml|T0024_30_A.xml|T0025_30_A.xml|T0026_30_A.xml|T0027_30_A.xml|T0028_30_A.xml|T0029_30_A.xml|T0030_30_A.xml|T0031_30_A.xml|T0032_30_A.xml|T0033_30_A.xml|T0034_30_A.xml|T0035_30_A.xml|T0036_30_A.xml|T0037_30_A.xml|T0038_30_A.xml|T0039_30_A.xml|T0040_30_A.xml|T0041_30_A.xml|T0042_30_A.xml|T0043_30_A.xml|T0044_30_A.xml|T0045_30_A.xml|T0046_30_A.xml|T0047_30_A.xml]
62,[T0001_30_D.xml|T0002_30_D.xml|T0003_30_D.xml|T0004_30_D.xml|T0005_30_D.xml|T0006_30_D.xml|T0007_30_D.xml|T0008_30_D.xml|T0009_30_D.xml|T0010_30_D.xml|T0011_30_D.xml|T0012_30_D.xml|T0013_30_D.xml|T0014_30_D.xml|T0015_30_D.xml|T0016_30_D.xml|T0017_30_D.xml|T0018_30_D.xml|T0019_30_D.xml|T0020_30_D.xml|T0021_30_D.xml|T0022_30_D.xml|T0023_30_D.xml|T0024_30_D.xml|T0025_30_D.xml|T0026_30_D.xml|T0027_30_D.xml|T0028_30_D.xml|T0029_30_D.xml|T0030_30_D.xml|T0031_30_D.xml|T0032_30_D.xml|T0033_30_D.xml|T0034_30_D.xml|T0035_30_D.xml|T0036_30_D.xml|T0037_30_D.xml|T0038_30_D.xml|T0039_30_D.xml|T0040_30_D.xml|T0041_30_D.xml|T0042_30_D.xml|T0043_30_D.xml|T0044_30_D.xml|T0045_30_D.xml|T0046_30_D.xml|T0047_30_D.xml]
1,[T0001_31_A.xml|T0002_31_A.xml|T0003_31_A.xml|T0004_31_A.xml|T0005_31_A.xml|T0006_31_A.xml|T0007_31_A.xml|T0008_31_A.xml|T0009_31_A.xml|T0010_31_A.xml|T0011_31_A.xml|T0012_31_A.xml|T0013_31_A.xml|T0014_31_A.xml|T0015_31_A.xml|T0016_31_A.xml|T0017_31_A.xml|T0018_31_A.xml|T0019_31_A.xml|T0020_31_A.xml|T0021_31_A.xml|T0022_31_A.xml|T0023_31_A.xml|T0024_31_A.xml|T0025_31_A.xml|T0026_31_A.xml|T0027_31_A.xml|T0028_31_A.xml|T0029_31_A.xml|T0030_31_A.xml|T0031_31_A.xml|T0032_31_A.xml|T0033_31_A.xml|T0034_31_A.xml|T0035_31_A.xml|T0036_31_A.xml|T0037_31_A.xml|T0038_31_A.xml|T0039_31_A.xml|T0040_31_A.xml|T0041_31_A.xml|T0042_31_A.xml|T0043_31_A.xml|T0044_31_A.xml|T0045_31_A.xml|T0046_31_A.xml|T0047_31_A.xml]
62,[T0001_31_D.xml|T0002_31_D.xml|T0003_31_D.xml|T0004_31_D.xml|T0005_31_D.xml|T0006_31_D.xml|T0007_31_D.xml|T0008_31_D.xml|T0009_31_D.xml|T0010_31_D.xml|T0011_31_D.xml|T0012_31_D.xml|T0013_31_D.xml|T0014_31_D.xml|T0015_31_D.xml|T0016_31_D.xml|T0017_31_D.xml|T0018_31_D.xml|T0019_31_D.xml|T0020_31_D.xml|T0021_31_D.xml|T0022_31_D.xml|T0023_31_D.xml|T0024_31_D.xml|T0025_31_D.xml|T0026_31_D.xml|T0027_31_D.xml|T0028_31_D.xml|T0029_31_D.xml|T0030_31_D.xml|T0031_31_D.xml|T0032_31_D.xml|T0033_31_D.xml|T0034_31_D.xml|T0035_31_D.xml|T0036_31_D.xml|T0037_31_D.xml|T0038_31_D.xml|T0039_31_D.xml|T0040_31_D.xml|T0041_31_D.xml|T0042_31_D.xml|T0043_31_D.xml|T0044_31_D.xml|T0045_31_D.xml|T0046_31_D.xml|T0047_31_D.xml]
1,[T0001_32_A.xml|T0002_32_A.xml|T0003_32_A.xml|T0004_32_A.xml|T0005_32_A.xml|T0006_32_A.xml|T0007_32_A.xml|T0008_32_A.xml|T0009_32_A.xml|T0010_32_A.xml|T0011_32_A.xml|T0012_32_A.xml|T0013_32_A.xml|T0014_32_A.xml|T0015_32_A.xml|T0016_32_A.xml|T0017_32_A.xml|T0018_32_A.xml|T0019_32_A.xml|T0020_32_A.xml|T0021_32_A.xml|T0022_32_A.xml|T0023_32_A.xml|T0024_32_A.xml|T0025_32_A.xml|T0026_32_A.xml|T0027_32_A.xml|T0028_32_A.xml|T0029_32_A.xml|T0030_32_A.xml|T0031_32_A.xml|T0032_32_A.xml|T0033_32_A.xml|T0034_32_A.xml|T0035_32_A.xml|T0036_32_A.xml|T0037_32_A.xml|T0038_32_A.xml|T0039_32_A.xml|T0040_32_A.xml|T0041_32_A.xml|T0042_32_A.xml|T0043_32_A.xml|T0044_32_A.xml|T0045_32_A.xml|T0046_32_A.xml|T0047_32_A.xml]
62,[T0001_32_D.xml|T0002_32_D.xml|T0003_32_D.xml|T0004_32_D.xml|T0005_32_D.xml|T0006_32_D.xml|T0007_32_D.xml|T0008_32_D.xml|T0009_32_D.xml|T0010_32_D.xml|T0011_32_D.xml|T0012_32_D.xml|T0013_32_D.xml|T0014_32_D.xml|T0015_32_D.xml|T0016_32_D.xml|T0017_32_D.xml|T0018_32_D.xml|T0019_32_D.xml|T0020_32_D.xml|T0021_32_D.xml|T0022_32_D.xml|T0023_32_D.xml|T0024_32_D.xml|T0025_32_D.xml|T0026_32_D.xml|T0027_32_D.xml|T0028_32_D.xml|T0029_32_D.xml|T0030_32_D.xml|T0031_32_D.xml|T0032_32_D.xml|T0033_32_D.xml|T0034_32_D.xml|T0035_32_D.xml|T0036_32_D.xml|T0037_32_D.xml|T0038_32_D.xml|T0039_32_D.xml|T0040_32_D.xml|T0041_32_D.xml|T0042_32_D.xml|T0043_32_D.xml|T0044_32_D.xml|T0045_32_D.xml|T0046_32_D.xml|T0047_32_D.xml]
1,[T0001_33_A.xml|T0002_33_A.xml|T0003_33_A.xml|T0004_33_A.xml|T0005_33_A.xml|T0006_33_A.xml|T0007_33_A.xml|T0008_33_A.xml|T0009_33_A.xml|T0010_33_A.xml|T0011_33_A.xml|T0012_33_A.xml|T0013_33_A.xml|T0014_33_A.xml|T0015_33_A.xml|T0016_33_A.xml|T0017_33_A.xml|T0018_33_A.xml|T0019_33_A.xml|T0020_33_A.xml|T0021_33_A.xml|T0022_33_A.xml|T0023_33_A.xml|T0024_33_A.xml|T0025_33_A.xml|T0026_33_A.xml|T0027_33_A.xml|T0028_33_A.xml|T0029_33_A.xml|T0030_33_A.xml|T0031_33_A.xml|T0032_33_A.xml|T0033_33_A.xml|T0034_33_A.xml|T0035_33_A.xml|T0036_33_A.xml|T0037_33_A.xml|T0038_33_A.xml|T0039_33_A.xml|T0040_33_A.xml|T0041_33_A.xml|T0042_33_A.xml|T0043_33_A.xml|T0044_33_A.xml|T0045_33_A.xml|T0046_33_A.xml|T0047_33_A.xml]
62,[T0001_33_D.xml|T0002_33_D.xml|T0003_33_D.xml|T0004_33_D.xml|T0005_33_D.xml|T0006_33_D.xml|T0007_33_D.xml|T0008_33_D.xml|T0009_33_D.xml|T0010_33_D.xml|T0011_33_D.xml|T0012_33_D.xml|T0013_33_D.xml|T0014_33_D.xml|T0015_33_D.xml|T0016_33_D.xml|T0017_33_D.xml|T0018_33_D.xml|T0019_33_D.xml|T0020_33_D.xml|T0021_33_D.xml|T0022_33_D.xml|T0023_33_D.xml|T0024_33_D.xml|T0025_33_D.xml|T0026_33_D.xml|T0027_33_D.xml|T0028_33_D.xml|T0029_33_D.xml|T0030_33_D.xml|T0031_33_D.xml|T0032_33_D.xml|T0033_33_D.xml|T0034_33_D.xml|T0035_33_D.xml|T0036_33_D.xml|T0037_33_D.xml|T0038_33_D.xml|T0039_33_D.xml|T0040_33_D.xml|T0041_33_D.xml|T0042_33_D.xml|T0043_33_D.xml|T0044_33_D.xml|T0045_33_D.xml|T0046_33_D.xml|T0047_33_D.xml]
1,[T0001_34_A.xml|T0002_34_A.xml|T0003_34_A.xml|T0004_34_A.xml|T0005_34_A.xml|T0006_34_A.xml|T0007_34_A.xml|T0008_34_A.xml|T0009_34_A.xml|T0010_34_A.xml|T0011_34_A.xml|T0012_34_A.xml|T0013_34_A.xml|T0014_34_A.xml|T0015_34_A.xml|T0016_34_A.xml|T0017_34_A.xml|T0018_34_A.xml|T0019_34_A.xml|T0020_34_A.xml|T0021_34_A.xml|T0022_34_A.xml|T0023_34_A.xml|T0024_34_A.xml|T0025_34_A.xml|T0026_34_A.xml|T0027_34_A.xml|T0028_34_A.xml|T0029_34_A.xml|T0030_34_A.xml|T0031_34_A.xml|T0032_34_A.xml|T0033_34_A.xml|T0034_34_A.xml|T0035_34_A.xml|T0036_34_A.xml|T0037_34_A.xml|T0038_34_A.xml|T0039_34_A.xml|T0040_34_A.xml|T0041_34_A.xml|T0042_34_A.xml|T0043_34_A.xml|T0044_34_A.xml|T0045_34_A.xml|T0046_34_A.xml|T0047_34_A.xml]
62,[T0001_34_D.xml|T0002_34_D.xml|T0003_34_D.xml|T0004_34_D.xml|T0005_34_D.xml|T0006_34_D.xml|T0007_34_D.xml|T0008_34_D.xml|T0009_34_D.xml|T0010_34_D.xml|T0011_34_D.xml|T0012_34_D.xml|T0013_34_D.xml|T0014_34_D.xml|T0015_34_D.xml|T0016_34_D.xml|T0017_34_D.xml|T0018_34_D.xml|T0019_34_D.xml|T0020_34_D.xml|T0021_34_D.xml|T0022_34_D.xml|T0023_34_D.xml|T0024_34_D.xml|T0025_34_D.xml|T0026_34_D.xml|T0027_34_D.xml|T0028_34_D.xml|T0029_34_D.xml|T0030_34_D.xml|T0031_34_D.xml|T0032_34_D.xml|T0033_34_D.xml|T0034_34_D.xml|T0035_34_D.xml|T0036_34_D.xml|T0037_34_D.xml|T0038_34_D.xml|T0039_34_D.xml|T0040_34_D.xml|T0041_34_D.xml|T0042_34_D.xml|T0043_34_D.xml|T0044_34_D.xml|T0045_34_D.xml|T0046_34_D.xml|T0047_34_D.xml]
1,[T0001_35_A.xml|T0002_35_A.xml|T0003_35_A.xml|T0004_35_A.xml|T0005_35_A.xml|T0006_35_A.xml|T0007_35_A.xml|T0008_35_A.xml|T0009_35_A.xml|T0010_35_A.xml|T0011_35_A.xml|T0012_35_A.xml|T0013_35_A.xml|T0014_35_A.xml|T0015_35_A.xml|T0016_35_A.xml|T0017_35_A.xml|T0018_35_A.xml|T0019_35_A.xml|T0020_35_A.xml|T0021_35_A.xml|T0022_35_A.xml|T0023_35_A.xml|T0024_35_A.xml|T0025_35_A.xml|T0026_35_A.xml|T0027_35_A.xml|T0028_35_A.xml|T0029_35_A.xml|T0030_35_A.xml|T0031_35_A.xml|T0032_35_A.xml|T0033_35_A.xml|T0034_35_A.xml|T0035_35_A.xml|T0036_35_A.xml|T0037_35_A.xml|T0038_35_A.xml|T0039_35_A.xml|T0040_35_A.xml|T0041_35_A.xml|T0042_35_A.xml|T0043_35_A.xml|T0044_35_A.xml|T0045_35_A.xml|T0046_35_A.xml|T0047_35_A.xml]
62,[T0001_35_D.xml|T0002_35_D.xml|T0003_35_D.xml|T0004_35_D.xml|T0005_35_D.xml|T0006_35_D.xml|T0007_35_D.xml|T0008_35_D.xml|T0009_35_D.xml|T0010_35_D.xml|T0011_35_D.xml|T0012_35_D.xml|T0013_35_D.xml|T0014_35_D.xml|T0015_35_D.xml|T0016_35_D.xml|T0017_35_D.xml|T0018_35_D.xml|T0019_35_D.xml|T0020_35_D.xml|T0021_35_D.xml|T0022_35_D.xml|T0023_35_D.xml|T0024_35_D.xml|T0025_35_D.xml|T0026_35_D.xml|T0027_35_D.xml|T0028_35_D.xml|T0029_35_D.xml|T0030_35_D.xml|T0031_35_D.xml|T0032_35_D.xml|T0033_35_D.xml|T0034_35_D.xml|T0035_35_D.xml|T0036_35_D.xml|T0037_35_D.xml|T0038_35_D.xml|T0039_35_D.xml|T0040_35_D.xml|T0041_35_D.xml|T0042_35_D.xml|T0043_35_D.xml|T0044_35_D.xml|T0045_35_D.xml|T0046_35_D.xml|T0047_35_D.xml]
1,[T0001_36_A.xml|T0002_36_A.xml|T0003_36_A.xml|T0004_36_A.xml|T0005_36_A.xml|T0006_36_A.xml|T0007_36_A.xml|T0008_36_A.xml|T0009_36_A.xml|T0010_36_A.xml|T0011_36_A.xml|T0012_36_A.xml|T0013_36_A.xml|T0014_36_A.xml|T0015_36_A.xml|T0016_36_A.xml|T0017_36_A.xml|T0018_36_A.xml|T0019_36_A.xml|T0020_36_A.xml|T0021_36_A.xml|T0022_36_A.xml|T0023_36_A.xml|T0024_36_A.xml|T0025_36_A.xml|T0026_36_A.xml|T0027_36_A.xml|T0028_36_A.xml|T0029_36_A.xml|T0030_36_A.xml|T0031_36_A.xml|T0032_36_A.xml|T0033_36_A.xml|T0034_36_A.xml|T0035_36_A.xml|T0036_36_A.xml|T0037_36_A.xml|T0038_36_A.xml|T0039_36_A.xml|T0040_36_A.xml|T0041_36_A.xml|T0042_36_A.xml|T0043_36_A.xml|T0044_36_A.xml|T0045_36_A.xml|T0046_36_A.xml|T0047_36_A.xml]
62,[T0001_36_D.xml|T0002_36_D.xml|T0003_36_D.xml|T0004_36_D.xml|T0005_36_D.xml|T0006_36_D.xml|T0007_36_D.xml|T0008_36_D.xml|T0009_36_D.xml|T0010_36_D.xml|T0011_36_D.xml|T0012_36_D.xml|T0013_36_D.xml|T0014_36_D.xml|T0015_36_D.xml|T0016_36_D.xml|T0017_36_D.xml|T0018_36_D.xml|T0019_36_D.xml|T0020_36_D.xml|T0021_36_D.xml|T0022_36_D.xml|T0023_36_D.xml|T0024_36_D.xml|T0025_36_D.xml|T0026_36_D.xml|T0027_36_D.xml|T0028_36_D.xml|T0029_36_D.xml|T0030_36_D.xml|T0031_36_D.xml|T0032_36_D.xml|T0033_36_D.xml|T0034_36_D.xml|T0035_36_D.xml|T0036_36_D.xml|T0037_36_D.xml|T0038_36_D.xml|T0039_36_D.xml|T0040_36_D.xml|T0041_36_D.xml|T0042_36_D.xml|T0043_36_D.xml|T0044_36_D.xml|T0045_36_D.xml|T0046_36_D.xml|T0047_36_D.xml]
1,[T0001_37_A.xml|T0002_37_A.xml|T0003_37_A.xml|T0004_37_A.xml|T0005_37_A.xml|T0006_37_A.xml|T0007_37_A.xml|T0008_37_A.xml|T0009_37_A.xml|T0010_37_A.xml|T0011_37_A.xml|T0012_37_A.xml|T0013_37_A.xml|T0014_37_A.xml|T0015_37_A.xml|T0016_37_A.xml|T0017_37_A.xml|T0018_37_A.xml|T0019_37_A.xml|T0020_37_A.xml|T0021_37_A.xml|T0022_37_A.xml|T0023_37_A.xml|T0024_37_A.xml|T0025_37_A.xml|T0026_37_A.xml|T0027_37_A.xml|T0028_37_A.xml|T0029_37_A.xml|T0030_37_A.xml|T0031_37_A.xml|T0032_37_A.xml|T0033_37_A.xml|T0034_37_A.xml|T0035_37_A.xml|T0036_37_A.xml|T0037_37_A.xml|T0038_37_A.xml|T0039_37_A.xml|T0040_37_A.xml|T0041_37_A.xml|T0042_37_A.xml|T0043_37_A.xml|T0044_37_A.xml|T0045_37_A.xml|T0046_37_A.xml|T0047_37_A.xml]
62,[T0001_37_D.xml|T0002_37_D.xml|T0003_37_D.xml|T0004_37_D.xml|T0005_37_D.xml|T0006_37_D.xml|T0007_37_D.xml|T0008_37_D.xml|T0009_37_D.xml|T0010_37_D.xml|T0011_37_D.xml|T0012_37_D.xml|T0013_37_D.xml|T0014_37_D.xml|T0015_37_D.xml|T0016_37_D.xml|T0017_37_D.xml|T0018_37_D.xml|T0019_37_D.xml|T0020_37_D.xml|T0021_37_D.xml|T0022_37_D.xml|T0023_37_D.xml|T0024_37_D.xml|T0025_37_D.xml|T0026_37_D.xml|T0027_37_D.xml|T0028_37_D.xml|T0029_37_D.xml|T0030_37_D.xml|T0031_37_D.xml|T0032_37_D.xml|T0033_37_D.xml|T0034_37_D.xml|T0035_37_D.xml|T0036_37_D.xml|T0037_37_D.xml|T0038_37_D.xml|T0039_37_D.xml|T0040_37_D.xml|T0041_37_D.xml|T0042_37_D.xml|T0043_37_D.xml|T0044_37_D.xml|T0045_37_D.xml|T0046_37_D.xml|T0047_37_D.xml]
1,[T0001_38_A.xml|T0002_38_A.xml|T0003_38_A.xml|T0004_38_A.xml|T0005_38_A.xml|T0006_38_A.xml|T0007_38_A.xml|T0008_38_A.xml|T0009_38_A.xml|T0010_38_A.xml|T0011_38_A.xml|T0012_38_A.xml|T0013_38_A.xml|T0014_38_A.xml|T0015_38_A.xml|T0016_38_A.xml|T0017_38_A.xml|T0018_38_A.xml|T0019_38_A.xml|T0020_38_A.xml|T0021_38_A.xml|T0022_38_A.xml|T0023_38_A.xml|T0024_38_A.xml|T0025_38_A.xml|T0026_38_A.xml|T0027_38_A.xml|T0028_38_A.xml|T0029_38_A.xml|T0030_38_A.xml|T0031_38_A.xml|T0032_38_A.xml|T0033_38_A.xml|T0034_38_A.xml|T0035_38_A.xml|T0036_38_A.xml|T0037_38_A.xml|T0038_38_A.xml|T0039_38_A.xml|T0040_38_A.xml|T0041_38_A.xml|T0042_38_A.xml|T0043_38_A.xml|T0044_38_A.xml|T0045_38_A.xml|T0046_38_A.xml|T0047_38_A.xml]
62,[T0001_38_D.xml|T0002_38_D.xml|T0003_38_D.xml|T0004_38_D.xml|T0005_38_D.xml|T0006_38_D.xml|T0007_38_D.xml|T0008_38_D.xml|T0009_38_D.xml|T0010_38_D.xml|T0011_38_D.xml|T0012_38_D.xml|T0013_38_D.xml|T0014_38_D.xml|T0015_38_D.xml|T0016_38_D.xml|T0017_38_D.xml|T0018_38_D.xml|T0019_38_D.xml|T0020_38_D.xml|T0021_38_D.xml|T0022_38_D.xml|T0023_38_D.xml|T0024_38_D.xml|T0025_38_D.xml|T0026_38_D.xml|T0027_38_D.xml|T0028_38_D.xml|T0029_38_D.xml|T0030_38_D.xml|T0031_38_D.xml|T0032_38_D.xml|T0033_38_D.xml|T0034_38_D.xml|T0035_38_D.xml|T0036_38_D.xml|T0037_38_D.xml|T0038_38_D.xml|T0039_38_D.xml|T0040_38_D.xml|T0041_38_D.xml|T0042_38_D.xml|T0043_38_D.xml|T0044_38_D.xml|T0045_38_D.xml|T0046_38_D.xml|T0047_38_D.xml]
1,[T0001_39_A.xml|T0002_39_A.xml|T0003_39_A.xml|T0004_39_A.xml|T0005_39_A.xml|T0006_39_A.xml|T0007_39_A.xml|T0008_39_A.xml|T0009_39_A.xml|T0010_39_A.xml|T0011_39_A.xml|T0012_39_A.xml|T0013_39_A.xml|T0014_39_A.xml|T0015_39_A.xml|T0016_39_A.xml|T0017_39_A.xml|T0018_39_A.xml|T0019_39_A.xml|T0020_39_A.xml|T0021_39_A.xml|T0022_39_A.xml|T0023_39_A.xml|T0024_39_A.xml|T0025_39_A.xml|T0026_39_A.xml|T0027_39_A.xml|T0028_39_A.xml|T0029_39_A.xml|T0030_39_A.xml|T0031_39_A.xml|T0032_39_A.xml|T0033_39_A.xml|T0034_39_A.xml|T0035_39_A.xml|T0036_39_A.xml|T0037_39_A.xml|T0038_39_A.xml|T0039_39_A.xml|T0040_39_A.xml|T0041_39_A.xml|T0042_39_A.xml|T0043_39_A.xml|T0044_39_A.xml|T0045_39_A.xml|T0046_39_A.xml|T0047_39_A.xml]
62,[T0001_39_D.xml|T0002_39_D.xml|T0003_39_D.xml|T0004_39_D.xml|T0005_39_D.xml|T0006_39_D.xml|T0007_39_D.xml|T0008_39_D.xml|T0009_39_D.xml|T0010_39_D.xml|T0011_39_D.xml|T0012_39_D.xml|T0013_39_D.xml|T0014_39_D.xml|T0015_39_D.xml|T0016_39_D.xml|T0017_39_D.xml|T0018_39_D.xml|T0019_39_D.xml|T0020_39_D.xml|T0021_39_D.xml|T0022_39_D.xml|T0023_39_D.xml|T0024_39_D.xml|T0025_39_D.xml|T0026_39_D.xml|T0027_39_D.xml|T0028_39_D.xml|T0029_39_D.xml|T0030_39_D.xml|T0031_39_D.xml|T0032_39_D.xml|T0033_39_D.xml|T0034_39_D.xml|T0035_39_D.xml|T0036_39_D.xml|T0037_39_D.xml|T0038_39_D.xml|T0039_39_D.xml|T0040_39_D.xml|T0041_39_D.xml|T0042_39_D.xml|T0043_39_D.xml|T0044_39_D.xml|T0045_39_D.xml|T0046_39_D.xml|T0047_39_D.xml]
1,[T0001_40_A.xml|T0002_40_A.xml|T0003_40_A.xml|T0004_40_A.xml|T0005_40_A.xml|T0006_40_A.xml|T0007_40_A.xml|T0008_40_A.xml|T0009_40_A.xml|T0010_40_A.xml|T0011_40_A.xml|T0012_40_A.xml|T0013_40_A.xml|T0014_40_A.xml|T0015_40_A.xml|T0016_40_A.xml|T0017_40_A.xml|T0018_40_A.xml|T0019_40_A.xml|T0020_40_A.xml|T0021_40_A.xml|T0022_40_A.xml|T0023_40_A.xml|T0024_40_A.xml|T0025_40_A.xml|T0026_40_A.xml|T0027_40_A.xml|T0028_40_A.xml|T0029_40_A.xml|T0030_40_A.xml|T0031_40_A.xml|T0032_40_A.xml|T0033_40_A.xml|T0034_40_A.xml|T0035_40_A.xml|T0036_40_A.xml|T0037_40_A.xml|T0038_40_A.xml|T0039_40_A.xml|T0040_40_A.xml|T0041_40_A.xml|T0042_40_A.xml|T0043_40_A.xml|T0044_40_A.xml|T0045_40_A.xml|T0046_40_A.xml|T0047_40_A.xml]
62,[T0001_40_D.xml|T0002_40_D.xml|T0003_40_D.xml|T0004_40_D.xml|T0005_40_D.xml|T0006_40_D.xml|T0007_40_D.xml|T0008_40_D.xml|T0009_40_D.xml|T0010_40_D.xml|T0011_40_D.xml|T0012_40_D.xml|T0013_40_D.xml|T0014_40_D.xml|T0015_40_D.xml|T0016_40_D.xml|T0017_40_D.xml|T0018_40_D.xml|T0019_40_D.xml|T0020_40_D.xml|T0021_40_D.xml|T0022_40_D.xml|T0023_40_D.xml|T0024_40_D.xml|T0025_40_D.xml|T0026_40_D.xml|T0027_40_D.xml|T0028_40_D.xml|T0029_40_D.xml|T0030_40_D.xml|T0031_40_D.xml|T0032_40_D.xml|T0033_40_D.xml|T0034_40_D.xml|T0035_40_D.xml|T0036_40_D.xml|T0037_40_D.xml|T0038_40_D.xml|T0039_40_D.xml|T0040_40_D.xml|T0041_40_D.xml|T0042_40_D.xml|T0043_40_D.xml|T0044_40_D.xml|T0045_40_D.xml|T0046_40_D.xml|T0047_40_D.xml]
1,[T0001_41_A.xml|T0002_41_A.xml|T0003_41_A.xml|T0004_41_A.xml|T0005_41_A.xml|T0006_41_A.xml|T0007_41_A.xml|T0008_41_A.xml|T0009_41_A.xml|T0010_41_A.xml|T0011_41_A.xml|T0012_41_A.xml|T0013_41_A.xml|T0014_41_A.xml|T0015_41_A.xml|T0016_41_A.xml|T0017_41_A.xml|T0018_41_A.xml|T0019_41_A.xml|T0020_41_A.xml|T0021_41_A.xml|T0022_41_A.xml|T0023_41_A.xml|T0024_41_A.xml|T0025_41_A.xml|T0026_41_A.xml|T0027_41_A.xml|T0028_41_A.xml|T0029_41_A.xml|T0030_41_A.xml|T0031_41_A.xml|T0032_41_A.xml|T0033_41_A.xml|T0034_41_A.xml|T0035_41_A.xml|T0036_41_A.xml|T0037_41_A.xml|T0038_41_A.xml|T0039_41_A.xml|T0040_41_A.xml|T0041_41_A.xml|T0042_41_A.xml|T0043_41_A.xml|T0044_41_A.xml|T0045_41_A.xml|T0046_41_A.xml|T0047_41_A.xml]
62,[T0001_41_D.xml|T0002_41_D.xml|T0003_41_D.xml|T0004_41_D.xml|T0005_41_D.xml|T0006_41_D.xml|T0007_41_D.xml|T0008_41_D.xml|T0009_41_D.xml|T0010_41_D.xml|T0011_41_D.xml|T0012_41_D.xml|T0013_41_D.xml|T0014_41_D.xml|T0015_41_D.xml|T0016_41_D.xml|T0017_41_D.xml|T0018_41_D.xml|T0019_41_D.xml|T0020_41_D.xml|T0021_41_D.xml|T0022_41_D.xml|T0023_41_D.xml|T0024_41_D.xml|T0025_41_D.xml|T0026_41_D.xml|T0027_41_D.xml|T0028_41_D.xml|T0029_41_D.xml|T0030_41_D.xml|T0031_41_D.xml|T0032_41_D.xml|T0033_41_D.xml|T0034_41_D.xml|T0035_41_D.xml|T0036_41_D.xml|T0037_41_D.xml|T0038_41_D.xml|T0039_41_D.xml|T0040_41_D.xml|T0041_41_D.xml|T0042_41_D.xml|T0043_41_D.xml|T0044_41_D.xml|T0045_41_D.xml|T0046_41_D.xml|T0047_41_D.xml]
1,[T0001_42_A.xml|T0002_42_A.xml|T0003_42_A.xml|T0004_42_A.xml|T0005_42_A.xml|T0006_42_A.xml|T0007_42_A.xml|T0008_42_A.xml|T0009_42_A.xml|T0010_42_A.xml|T0011_42_A.xml|T0012_42_A.xml|T0013_42_A.xml|T0014_42_A.xml|T0015_42_A.xml|T0016_42_A.xml|T0017_42_A.xml|T0018_42_A.xml|T0019_42_A.xml|T0020_42_A.xml|T0021_42_A.xml|T0022_42_A.xml|T0023_42_A.xml|T0024_42_A.xml|T0025_42_A.xml|T0026_42_A.xml|T0027_42_A.xml|T0028_42_A.xml|T0029_42_A.xml|T0030_42_A.xml|T0031_42_A.xml|T0032_42_A.xml|T0033_42_A.xml|T0034_42_A.xml|T0035_42_A.xml|T0036_42_A.xml|T0037_42_A.xml|T0038_42_A.xml|T0039_42_A.xml|T0040_42_A.xml|T0041_42_A.xml|T0042_42_A.xml|T0043_42_A.xml|T0044_42_A.xml|T0045_42_A.xml|T0046_42_A.xml|T0047_42_A.xml]
62,[T0001_42_D.xml|T0002_42_D.xml|T0003_42_D.xml|T0004_42_D.xml|T0005_42_D.xml|T0006_42_D.xml|T0007_42_D.xml|T0008_42_D.xml|T0009_42_D.xml|T0010_42_D.xml|T0011_42_D.xml|T0012_42_D.xml|T0013_42_D.xml|T0014_42_D.xml|T0015_42_D.xml|T0016_42_D.xml|T0017_42_D.xml|T0018_42_D.xml|T0019_42_D.xml|T0020_42_D.xml|T0021_42_D.xml|T0022_42_D.xml|T0023_42_D.xml|T0024_42_D.xml|T0025_42_D.xml|T0026_42_D.xml|T0027_42_D.xml|T0028_42_D.xml|T0029_42_D.xml|T0030_42_D.xml|T0031_42_D.xml|T0032_42_D.xml|T0033_42_D.xml|T0034_42_D.xml|T0035_42_D.xml|T0036_42_D.xml|T0037_42_D.xml|T0038_42_D.xml|T0039_42_D.xml|T0040_42_D.xml|T0041_42_D.xml|T0042_42_D.xml|T0043_42_D.xml|T0044_42_D.xml|T0045_42_D.xml|T0046_42_D.xml|T0047_42_D.xml]
1,[T0001_43_A.xml|T0002_43_A.xml|T0003_43_A.xml|T0004_43_A.xml|T0005_43_A.xml|T0006_43_A.xml|T0007_43_A.xml|T0008_43_A.xml|T0009_43_A.xml|T0010_43_A.xml|T0011_43_A.xml|T0012_43_A.xml|T0013_43_A.xml|T0014_43_A.xml|T0015_43_A.xml|T0016_43_A.xml|T0017_43_A.xml|T0018_43_A.xml|T0019_43_A.xml|T0020_43_A.xml|T0021_43_A.xml|T0022_43_A.xml|T0023_43_A.xml|T0024_43_A.xml|T0025_43_A.xml|T0026_43_A.xml|T0027_43_A.xml|T0028_43_A.xml|T0029_43_A.xml|T0030_43_A.xml|T0031_43_A.xml|T0032_43_A.xml|T0033_43_A.xml|T0034_43_A.xml|T0035_43_A.xml|T0036_43_A.xml|T0037_43_A.xml|T0038_43_A.xml|T0039_43_A.xml|T0040_43_A.xml|T0041_43_A.xml|T0042_43_A.xml|T0043_43_A.xml|T0044_43_A.xml|T0045_43_A.xml|T0046_43_A.xml|T0047_43_A.xml]
62,[T0001_43_D.xml|T0002_43_D.xml|T0003_43_D.xml|T0004_43_D.xml|T0005_43_D.xml|T0006_43_D.xml|T0007_43_D.xml|T0008_43_D.xml|T0009_43_D.xml|T0010_43_D.xml|T0011_43_D.xml|T0012_43_D.xml|T0013_43_D.xml|T0014_43_D.xml|T0015_43_D.xml|T0016_43_D.xml|T0017_43_D.xml|T0018_43_D.xml|T0019_43_D.xml|T0020_43_D.xml|T0021_43_D.xml|T0022_43_D.xml|T0023_43_D.xml|T0024_43_D.xml|T0025_43_D.xml|T0026_43_D.xml|T0027_43_D.xml|T0028_43_D.xml|T0029_43_D.xml|T0030_43_D.xml|T0031_43_D.xml|T0032_43_D.xml|T0033_43_D.xml|T0034_43_D.xml|T0035_43_D.xml|T0036_43_D.xml|T0037_43_D.xml|T0038_43_D.xml|T0039_43_D.xml|T0040_43_D.xml|T0041_43_D.xml|T0042_43_D.xml|T0043_43_D.xml|T0044_43_D.xml|T0045_43_D.xml|T0046_43_D.xml|T0047_43_D.xml]
1,[T0001_44_A.xml|T0002_44_A.xml|T0003_44_A.xml|T0004_44_A.xml|T0005_44_A.xml|T0006_44_A.xml|T0007_44_A.xml|T0008_44_A.xml|T0009_44_A.xml|T0010_44_A.xml|T0011_44_A.xml|T0012_44_A.xml|T0013_44_A.xml|T0014_44_A.xml|T0015_44_A.xml|T0016_44_A.xml|T0017_44_A.xml|T0018_44_A.xml|T0019_44_A.xml|T0020_44_A.xml|T0021_44_A.xml|T0022_44_A.xml|T0023_44_A.xml|T0024_44_A.xml|T0025_44_A.xml|T0026_44_A.xml|T0027_44_A.xml|T0028_44_A.xml|T0029_44_A.xml|T0030_44_A.xml|T0031_44_A.xml|T0032_44_A.xml|T0033_44_A.xml|T0034_44_A.xml|T0035_44_A.xml|T0036_44_A.xml|T0037_44_A.xml|T0038_44_A.xml|T0039_44_A.xml|T0040_44_A.xml|T0041_44_A.xml|T0042_44_A.xml|T0043_44_A.xml|T0044_44_A.xml|T0045_44_A.xml|T0046_44_A.xml|T0047_44_A.xml]
62,[T0001_44_D.xml|T0002_44_D.xml|T0003_44_D.xml|T0004_44_D.xml|T0005_44_D.xml|T0006_44_D.xml|T0007_44_D.xml|T0008_44_D.xml|T0009_44_D.xml|T0010_44_D.xml|T0011_44_D.xml|T0012_44_D.xml|T0013_44_D.xml|T0014_44_D.xml|T0015_44_D.xml|T0016_44_D.xml|T0017_44_D.xml|T0018_44_D.xml|T0019_44_D.xml|T0020_44_D.xml|T0021_44_D.xml|T0022_44_D.xml|T0023_44_D.xml|T0024_44_D.xml|T0025_44_D.xml|T0026_44_D.xml|T0027_44_D.xml|T0028_44_D.xml|T0029_44_D.xml|T0030_44_D.xml|T0031_44_D.xml|T0032_44_D.xml|T0033_44_D.xml|T0034_44_D.xml|T0035_44_D.xml|T0036_44_D.xml|T0037_44_D.xml|T0038_44_D.xml|T0039_44_D.xml|T0040_44_D.xml|T0041_44_D.xml|T0042_44_D.xml|T0043_44_D.xml|T0044_44_D.xml|T0045_44_D.xml|T0046_44_D.xml|T0047_44_D.xml]
1,[T0001_45_A.xml|T0002_45_A.xml|T0003_45_A.xml|T0004_45_A.xml|T0005_45_A.xml|T0006_45_A.xml|T0007_45_A.xml|T0008_45_A.xml|T0009_45_A.xml|T0010_45_A.xml|T0011_45_A.xml|T0012_45_A.xml|T0013_45_A.xml|T0014_45_A.xml|T0015_45_A.xml|T0016_45_A.xml|T0017_45_A.xml|T0018_45_A.xml|T0019_45_A.xml|T0020_45_A.xml|T0021_45_A.xml|T0022_45_A.xml|T0023_45_A.xml|T0024_45_A.xml|T0025_45_A.xml|T0026_45_A.xml|T0027_45_A.xml|T0028_45_A.xml|T0029_45_A.xml|T0030_45_A.xml|T0031_45_A.xml|T0032_45_A.xml|T0033_45_A.xml|T0034_45_A.xml|T0035_45_A.xml|T0036_45_A.xml|T0037_45_A.xml|T0038_45_A.xml|T0039_45_A.xml|T0040_45_A.xml|T0041_45_A.xml|T0042_45_A.xml|T0043_45_A.xml|T0044_45_A.xml|T0045_45_A.xml|T0046_45_A.xml|T0047_45_A.xml]
62,[T0001_45_D.xml|T0002_45_D.xml|T0003_45_D.xml|T0004_45_D.xml|T0005_45_D.xml|T0006_45_D.xml|T0007_45_D.xml|T0008_45_D.xml|T0009_45_D.xml|T0010_45_D.xml|T0011_45_D.xml|T0012_45_D.xml|T0013_45_D.xml|T0014_45_D.xml|T0015_45_D.xml|T0016_45_D.xml|T0017_45_D.xml|T0018_45_D.xml|T0019_45_D.xml|T0020_45_D.xml|T0021_45_D.xml|T0022_45_D.xml|T0023_45_D.xml|T0024_45_D.xml|T0025_45_D.xml|T0026_45_D.xml|T0027_45_D.xml|T0028_45_D.xml|T0029_45_D.xml|T0030_45_D.xml|T0031_45_D.xml|T0032_45_D.xml|T0033_45_D.xml|T0034_45_D.xml|T0035_45_D.xml|T0036_45_D.xml|T0037_45_D.xml|T0038_45_D.xml|T0039_45_D.xml|T0040_45_D.xml|T0041_45_D.xml|T0042_45_D.xml|T0043_45_D.xml|T0044_45_D.xml|T0045_45_D.xml|T0046_45_D.xml|T0047_45_D.xml]
1,[T0001_46_A.xml|T0002_46_A.xml|T0003_46_A.xml|T0004_46_A.xml|T0005_46_A.xml|T0006_46_A.xml|T0007_46_A.xml|T0008_46_A.xml|T0009_46_A.xml|T0010_46_A.xml|T0011_46_A.xml|T0012_46_A.xml|T0013_46_A.xml|T0014_46_A.xml|T0015_46_A.xml|T0016_46_A.xml|T0017_46_A.xml|T0018_46_A.xml|T0019_46_A.xml|T0020_46_A.xml|T0021_46_A.xml|T0022_46_A.xml|T0023_46_A.xml|T0024_46_A.xml|T0025_46_A.xml|T0026_46_A.xml|T0027_46_A.xml|T0028_46_A.xml|T0029_46_A.xml|T0030_46_A.xml|T0031_46_A.xml|T0032_46_A.xml|T0033_46_A.xml|T0034_46_A.xml|T0035_46_A.xml|T0036_46_A.xml|T0037_46_A.xml|T0038_46_A.xml|T0039_46_A.xml|T0040_46_A.xml|T0041_46_A.xml|T0042_46_A.xml|T0043_46_A.xml|T0044_46_A.xml|T0045_46_A.xml|T0046_46_A.xml|T0047_46_A.xml]
62,[T0001_46_D.xml|T0002_46_D.xml|T0003_46_D.xml|T0004_46_D.xml|T0005_46_D.xml|T0006_46_D.xml|T0007_46_D.xml|T0008_46_D.xml|T0009_46_D.xml|T0010_46_D.xml|T0011_46_D.xml|T0012_46_D.xml|T0013_46_D.xml|T0014_46_D.xml|T0015_46_D.xml|T0016_46_D.xml|T0017_46_D.xml|T0018_46_D.xml|T0019_46_D.xml|T0020_46_D.xml|T0021_46_D.xml|T0022_46_D.xml|T0023_46_D.xml|T0024_46_D.xml|T0025_46_D.xml|T0026_46_D.xml|T0027_46_D.xml|T0028_46_D.xml|T0029_46_D.xml|T0030_46_D.xml|T0031_46_D.xml|T0032_46_D.xml|T0033_46_D.xml|T0034_46_D.xml|T0035_46_D.xml|T0036_46_D.xml|T0037_46_D.xml|T0038_46_D.xml|T0039_46_D.xml|T0040_46_D.xml|T0041_46_D.xml|T0042_46_D.xml|T0043_46_D.xml|T0044_46_D.xml|T0045_46_D.xml|T0046_46_D.xml|T0047_46_D.xml]
1,[T0001_47_A.xml|T0002_47_A.xml|T0003_47_A.xml|T0004_47_A.xml|T0005_47_A.xml|T0006_47_A.xml|T0007_47_A.xml|T0008_47_A.xml|T0009_47_A.xml|T0010_47_A.xml|T0011_47_A.xml|T0012_47_A.xml|T0013_47_A.xml|T0014_47_A.xml|T0015_47_A.xml|T0016_47_A.xml|T0017_47_A.xml|T0018_47_A.xml|T0019_47_A.xml|T0020_47_A.xml|T0021_47_A.xml|T0022_47_A.xml|T0023_47_A.xml|T0024_47_A.xml|T0025_47_A.xml|T0026_47_A.xml|T0027_47_A.xml|T0028_47_A.xml|T0029_47_A.xml|T0030_47_A.xml|T0031_47_A.xml|T0032_47_A.xml|T0033_47_A.xml|T0034_47_A.xml|T0035_47_A.xml|T0036_47_A.xml|T0037_47_A.xml|T0038_47_A.xml|T0039_47_A.xml|T0040_47_A.xml|T0041_47_A.xml|T0042_47_A.xml|T0043_47_A.xml|T0044_47_A.xml|T0045_47_A.xml|T0046_47_A.xml|T0047_47_A.xml]
62,[T0001_47_D.xml|T0002_47_D.xml|T0003_47_D.xml|T0004_47_D.xml|T0005_47_D.xml|T0006_47_D.xml|T0007_47_D.xml|T0008_47_D.xml|T0009_47_D.xml|T0010_47_D.xml|T0011_47_D.xml|T0012_47_D.xml|T0013_47_D.xml|T0014_47_D.xml|T0015_47_D.xml|T0016_47_D.xml|T0017_47_D.xml|T0018_47_D.xml|T0019_47_D.xml|T0020_47_D.xml|T0021_47_D.xml|T0022_47_D.xml|T0023_47_D.xml|T0024_47_D.xml|T0025_47_D.xml|T0026_47_D.xml|T0027_47_D.xml|T0028_47_D.xml|T0029_47_D.xml|T0030_47_D.xml|T0031_47_D.xml|T0032_47_D.xml|T0033_47_D.xml|T0034_47_D.xml|T0035_47_D.xml|T0036_47_D.xml|T0037_47_D.xml|T0038_47_D.xml|T0039_47_D.xml|T0040_47_D.xml|T0041_47_D.xml|T0042_47_D.xml|T0043_47_D.xml|T0044_47_D.xml|T0045_47_D.xml|T0046_47_D.xml|T0047_47_D.xml]
